66.62151,5.5221696,63.860428,-3.0407455
202.70859,46.77238,179.3224,-3.0420678
-3.5322518,1.1697979,-4.117151,-3.0390577
130.20596,20.054976,120.178474,-3.041591
82.09285,8.249702,77.968,-3.0409155
159.66803,29.22935,145.05336,-3.0417194
173.54562,36.03178,155.52974,-3.041837
181.11575,38.421227,161.90514,-3.0418878
97.65479,11.686663,91.81146,-3.04106
254.9668,71.45624,219.23868,-3.0423214
145.39288,24.885342,132.95021,-3.0415752
-26.060944,3.1159477,-27.618917,-3.0386696
217.627,54.699802,190.2771,-3.0420938
149.43533,26.839096,136.01578,-3.041555
216.42642,53.128273,189.86229,-3.0421097
-72.405106,26.467867,-85.63904,-2.5558412
-74.52779,22.862724,-85.959145,-2.3887136
-57.28031,17.371433,-65.96603,-2.3883889
-31.469898,11.56218,-37.250988,-2.4357898
-30.202723,10.892886,-35.649166,-2.4356568
-26.775661,8.159225,-30.855274,-2.4375844
-32.345833,11.450071,-38.07087,-2.434524
-58.59276,18.938341,-68.06193,-2.3727398
-24.697561,7.2671475,-28.331135,-2.4356956
-59.802628,19.170593,-69.387924,-2.357791
-29.076334,8.878948,-33.51581,-2.4218514
81.56084,6.2099876,78.45584,-3.0021045
-10.540776,1.4736367,-11.277595,-3.037398
9.057597,0.603739,8.755728,-3.0376873
41.605415,1.9959234,40.607452,-3.037786
30.799068,1.0869837,30.255577,-3.0377629
-6.5800056,1.2639824,-7.211997,-3.0367117
-18.992638,2.4595299,-20.222403,-3.0349226
-21.00308,6.840023,-24.423092,-3.0023777
148.15508,26.35376,134.9782,-3.0357137
28.32845,1.0222543,27.817322,-3.0370455
25.106428,0.8906672,24.661095,-3.0368323
82.880516,7.2692876,79.24587,-3.0009398
0.41240227,0.9271211,-0.051158283,-3.0363116
-15.95571,2.0192208,-16.96532,-3.0374537
32.67457,1.3162847,32.016426,-3.0371783
-37.920803,5.096991,-40.4693,-3.0366523
135.40033,21.137718,124.83147,-3.0367327
197.64299,43.746075,175.76996,-3.0375571
77.166016,7.2028413,73.5646,-3.0356584
174.16248,33.86771,157.22862,-3.0371904
210.06287,50.724968,184.70038,-3.0376697
133.34459,21.446623,122.62128,-3.0367582
-30.734962,10.7639675,-36.116947,-2.4097183
-27.682758,9.357147,-32.361332,-2.4113588
-26.255941,6.8540115,-29.682947,-2.4131923
-32.21093,13.245139,-38.8335,-2.4071774
-29.051973,11.21165,-34.6578,-2.4090695
-35.975597,14.484832,-43.218014,-2.404914
-31.987461,12.064142,-38.01953,-2.4062924
-31.669159,13.020943,-38.17963,-2.4054954
-29.74349,9.345249,-34.416115,-2.4076095
-61.87101,16.68086,-70.21144,-2.10652
-29.859514,9.046847,-34.38294,-2.374294
-77.20354,20.659748,-87.53341,-1.9766665
-29.741123,12.0223,-35.752274,-2.3688748
-26.32808,10.657976,-31.657068,-2.368378
-27.719551,8.174301,-31.806702,-2.3678586
-27.151497,10.750802,-32.526897,-2.3641324
-25.813345,8.805794,-30.216242,-2.3579223
-26.979713,7.8975077,-30.928467,-2.3582048
-17.75388,6.036549,-20.772154,-2.3620272
-2496.7703,3086.5693,-4040.055,-3.8247905
-25.761217,8.350722,-29.936579,-2.3580594
-19.695194,6.473608,-22.932,-2.360104
-25.26281,8.545696,-29.535658,-2.355386
-18.630545,5.7619677,-21.511528,-2.358246
-22.047113,7.7780337,-25.93613,-2.352837
-17.434242,7.1234126,-20.995949,-2.3419814
97.242905,12.421932,91.03194,-2.965111
4.885606,4.784876,2.4931676,-3.025537
-19.198242,8.435665,-23.416075,-3.0248072
179.05266,31.022703,163.5413,-3.024301
148.74648,24.066015,136.71347,-3.0258627
13.187301,4.191644,11.091478,-3.0252717
161.00581,27.837156,147.08723,-2.9663522
187.47202,35.3694,169.78732,-3.023389
80.60409,6.6028476,77.302666,-3.025844
62.50825,10.607099,57.2047,-2.9633944
163.60164,27.182545,150.01036,-3.0259638
9.690384,16.25975,1.5605087,-2.9798393
96.522255,9.406492,91.81901,-3.0249777
103.116554,11.721967,97.25557,-3.0239465
89.211105,12.267589,83.07731,-2.9653556
-27.243107,10.166428,-32.32632,-3.0239372
-23.98362,8.769064,-28.368153,-2.3210943
-23.126602,7.714052,-26.983627,-2.321291
-24.897099,8.148692,-28.971445,-2.3172529
-18.002737,6.8442125,-21.424843,-2.3182547
-27.06309,9.342488,-31.734333,-2.3087137
-17.966625,6.6244793,-21.278864,-2.3107934
-12.157374,5.007876,-14.661312,-2.3076699
-16.873743,6.569393,-20.15844,-2.3035932
-13.382558,6.332323,-16.54872,-2.3039784
-17.240898,6.8735795,-20.677689,-2.3026376
-12.167898,5.325225,-14.830511,-2.30472
-12.12434,5.8489785,-15.048829,-2.3033757
-15.419745,7.340578,-19.090034,-2.300241
-11.203423,5.3354197,-13.871133,-2.2994118
-15.086515,6.812495,-18.492764,-2.2966957
-10.408874,5.692646,-13.255197,-2.2820592
-13.599854,6.2938256,-16.746767,-2.2613983
-11.326046,5.5855784,-14.118835,-2.2611792
-19.9556,7.626713,-23.768957,-2.2519088
-12.146856,5.449082,-14.871397,-2.2556853
-11.598935,6.587383,-14.892627,-2.247347
-9.318838,4.5045233,-11.571099,-2.249219
-7.2744136,4.934743,-9.741785,-2.243802
-6.81043,4.981593,-9.301227,-2.2433443
-9.027483,6.321627,-12.188296,-2.2379518
-7.555807,5.5868034,-10.349209,-2.2395637
-8.016696,5.6128583,-10.823125,-2.238372
-5.0115595,4.637832,-7.330476,-2.2399054
-4.1253214,4.303271,-6.2769566,-2.2408624
-4.3628836,4.456127,-6.590947,-2.2393398
-3.415281,4.316959,-5.5737605,-2.2401466
130.47612,16.09413,122.42906,-3.0018606
43.077858,5.3585167,40.398598,-2.999387
227.58884,42.49298,206.34235,-2.918351
92.20342,10.324709,87.04107,-3.00319
0.3826257,4.0759554,-1.655352,-2.2260036
124.194565,16.781567,115.80378,-3.0040333
128.22768,15.643982,120.405685,-3.0018826
110.03559,11.793159,104.139015,-3.0037408
223.16815,55.91223,195.21204,-3.000407
-3.9458532,8.820761,-8.356234,-3.0004683
134.28328,17.666677,125.44994,-3.0036244
84.1169,8.332046,79.950874,-3.0033891
148.1532,24.681595,135.81241,-3.0018458
46.89875,5.156937,44.320282,-3.0015213
129.75433,17.116121,121.196266,-2.9565578
99.462845,13.871845,92.526924,-2.941651
125.115074,17.294416,116.467865,-3.002026
-6.9989367,5.2271194,-9.612496,-2.2285793
-4.04298,4.0639663,-6.0749636,-2.229491
-6.067155,5.1501713,-8.642241,-2.2257967
-6.27139,5.200737,-8.871758,-2.2252033
-3.4309118,4.559156,-5.7104897,-2.2251716
-1.2089715,4.3471723,-3.3825576,-2.2218041
-4.7636337,5.274939,-7.4011035,-2.2156894
-2.7110157,5.688158,-5.5550947,-2.2132058
0.33697414,4.539748,-1.9329,-2.215725
0.3634131,4.5423355,-1.9077547,-2.216559
2.3748503,3.8646827,0.44250897,-2.2174568
0.8508022,4.0695686,-1.1839821,-2.21631
0.7836728,4.7033195,-1.567987,-2.213955
2.2298965,4.2144547,0.122669235,-2.2150502
3.7657113,3.7475462,1.8919383,-2.2163737
2.2453954,5.468401,-0.488805,-2.194424
-5.7479362,5.8893566,-8.692615,-2.1988428
-1.6176152,4.518927,-3.8770788,-2.2006695
-2122.3193,2641.151,-3442.8948,-3.784556
-0.1263318,4.299738,-2.2762008,-2.1986406
-0.253062,5.162763,-2.8344436,-2.1906343
1.9415317,4.8993487,-0.50814265,-2.185412
0.9850588,0.6318899,0.6691139,-0.8925017
4.6329365,4.778718,2.2435775,-2.1851542
5.7740345,4.7796383,3.384215,-2.1843255
3.1175914,5.50095,0.36711648,-2.1818607
-2110.077,2605.288,-3412.721,-3.7781963
6.212532,4.4531517,3.985956,-2.1863186
6.4467993,4.271086,4.311256,-2.1876335
109.53236,15.627186,101.718765,-2.918511
199.12885,34.964626,181.64653,-2.9215136
6.846214,4.44063,4.625899,-2.1886258
5.6097555,4.947612,3.1359496,-2.1863382
232.15747,60.416912,201.94902,-2.9250104
117.00593,16.423853,108.794,-2.915388
233.30884,51.99169,207.31299,-2.9243498
159.4687,25.271229,146.83308,-2.9177847
187.9136,37.84262,168.9923,-2.9235332
221.41138,46.135754,198.3435,-2.6989942
183.61449,40.890797,163.16908,-2.7828064
140.37334,23.044336,128.85117,-2.9199567
114.98212,19.028223,105.468,-2.9045708
235.8924,59.471497,206.15665,-2.736243
183.87093,41.896362,162.92274,-2.726714
179.16734,26.14088,166.09691,-2.922702
213.64566,52.90235,187.19449,-2.7358372
215.6241,50.83427,190.20697,-2.925493
14.228931,4.698621,11.879621,-2.1771674
5.7775555,4.4506817,3.5522146,-2.16485
6.181226,4.693198,3.834627,-2.1589634
6.213361,5.021009,3.702856,-2.1573184
7.3034782,4.7411056,4.932925,-2.1575205
8.237581,5.6538143,5.410674,-2.1529408
12.873063,5.372034,10.187046,-2.1503081
13.2333355,5.1769476,10.644861,-2.1509519
14.503714,5.3889923,11.809217,-2.1490147
14.887833,5.072637,12.351514,-2.1513371
14.117399,5.79819,11.218304,-2.1477375
16.584501,5.2258086,13.971597,-2.1518633
15.425829,5.4270086,12.712325,-2.1510572
16.199787,5.269474,13.565049,-2.1521773
15.933027,5.7553515,13.055351,-2.153853
19.568027,5.3813267,16.877363,-2.1562908
18.522333,6.0987267,15.472969,-2.145932
11.486034,4.89585,9.038109,-2.1375241
12.377045,5.262518,9.745786,-2.133086
14.09974,4.9008565,11.649312,-2.130055
13.515651,5.4761567,10.777573,-2.1301165
125.42654,23.506008,113.67353,-2.7295153
185.12411,36.10692,167.07066,-2.733936
110.065765,21.221966,99.45478,-2.7108617
144.72911,26.450506,131.50386,-2.7229793
165.2493,31.494795,149.5019,-2.7338068
253.68007,72.65786,217.35114,-2.451466
268.7793,79.72647,228.91605,-2.485116
203.91145,39.621254,184.10083,-2.7358336
263.73978,70.4218,228.52888,-2.749452
435.72638,138.12486,366.66394,-2.4451168
239.75816,56.523186,211.49657,-2.737399
16.613977,5.4627395,13.882608,-2.1261828
305.44507,92.205315,259.3424,-2.3675926
172.91219,33.2135,156.30544,-2.7446826
191.74463,37.221012,173.13412,-2.7481923
228.21368,50.260746,203.08331,-2.743419
209.77412,48.966267,185.29099,-2.7444987
18.336744,6.141272,15.266108,-2.1217337
22.188105,6.017559,19.179325,-2.1217914
20.357193,5.927737,17.393324,-2.1229832
21.630087,6.2733226,18.493425,-2.1215625
18.775757,6.064494,15.743509,-2.122508
22.815607,5.9095263,19.860844,-2.1259499
22.953941,6.2729583,19.817463,-2.1240723
17.837402,6.640782,14.517011,-2.1223679
22.53709,6.391643,19.341269,-2.13152
19.84815,6.6613345,16.517483,-2.1297271
26.098185,7.486206,22.355082,-2.11967
14.338077,5.9199367,11.378108,-2.1262643
15.771423,5.7346287,12.904109,-2.1243076
16.059288,6.2079554,12.955311,-2.1196277
20.685482,5.838374,17.766294,-2.119637
24.541822,6.688728,21.197458,-2.1089451
23.652998,6.892883,20.206556,-2.1080124
24.152737,7.099223,20.603125,-2.1074514
24.270092,7.132902,20.70364,-2.1069708
24.683437,6.972291,21.197292,-2.1081967
25.014698,7.135336,21.44703,-2.11022
27.562347,6.4621387,24.331278,-2.1141558
29.081001,6.86475,25.648626,-2.1124651
28.290558,7.1136665,24.733725,-2.111248
24.569115,7.284395,20.926918,-2.11787
28.010193,6.931352,24.544518,-2.1198263
40.54131,8.534816,36.273903,-2.1069481
210.15984,48.796383,185.76164,-2.5353878
209.9255,37.15016,191.35042,-2.5288014
234.41411,48.127937,210.35014,-2.5410454
288.0316,84.65696,245.70311,-2.5866878
209.9542,38.92142,190.49348,-2.5458584
222.54343,51.005478,197.04068,-2.555682
243.1997,72.37776,207.01082,-2.5680196
286.87073,89.74833,241.99657,-2.1368487
237.23454,52.587933,210.94058,-2.4888651
234.75034,52.494247,208.50322,-2.5377486
224.28638,53.81699,197.37788,-2.5695164
288.02454,75.64938,250.19984,-2.553178
261.6287,49.60596,236.82571,-2.544271
198.62251,52.00778,172.61862,-2.5748441
390.40378,155.05507,312.87625,-2.1787252
24.71738,7.052417,21.191172,-2.093855
24.217804,7.343523,20.546041,-2.0888658
292.7777,96.35223,244.60161,-2.5887372
24.893713,7.3053637,21.241032,-2.0842319
29.043571,7.632059,25.227543,-2.08204
29.40939,8.150871,25.333954,-2.0765169
34.754032,9.315809,30.096127,-2.0703318
33.055595,8.9425,28.584345,-2.0727131
33.168205,9.29793,28.519241,-2.0695434
35.32801,9.492075,30.581972,-2.0703464
35.444572,9.798754,30.545195,-2.0685196
40.418503,9.66544,35.585785,-2.070456
34.205486,9.777246,29.316864,-2.0717576
33.314346,9.902784,28.362955,-2.0703347
39.64264,9.708565,34.788357,-2.0785313
35.60247,9.69309,30.755926,-2.0787988
45.02684,11.186549,39.433567,-2.0650127
40.908257,9.131189,36.342663,-2.0612113
30.80484,8.685035,26.462322,-2.0608368
36.82007,9.075421,32.282356,-2.0551753
34.652428,9.522479,29.891188,-2.0519462
48.799767,10.293282,43.653126,-2.0484197
40.546463,11.161062,34.96593,-2.0458665
41.844536,11.108688,36.29019,-2.046847
49.45577,11.831392,43.540073,-2.0444136
40.8891,12.091642,34.843277,-2.0432653
41.363846,11.594954,35.56637,-2.0451326
42.623646,11.830246,36.708523,-2.0467198
47.931477,11.804115,42.02942,-2.0455513
53.88649,12.150416,47.811283,-2.04844
43.29454,11.844868,37.37211,-2.0536175
42.259117,12.196871,36.160683,-2.0523145
48.072433,14.592134,40.776367,-2.0378687
251.67921,56.521748,223.41833,-2.5474913
260.26978,63.01224,228.76366,-2.5544076
261.2315,66.53785,227.96259,-2.541007
338.07986,124.110085,276.0248,-2.1484723
227.01193,54.350693,199.8366,-2.55283
171.35266,38.134903,152.2852,-2.5136156
243.60962,76.39274,205.41325,-2.5602257
366.41342,136.9657,297.93057,-2.1480095
227.7307,45.53423,204.96358,-2.540855
180.29291,40.736813,159.9245,-2.534713
190.39322,37.41517,171.68564,-2.5235512
208.13641,45.45519,185.40881,-2.5336626
201.62622,43.90767,179.67238,-2.5557723
198.89737,48.69994,174.5474,-2.5360544
192.71721,42.80017,171.31712,-2.543188
257.18625,60.82983,226.77135,-2.5660195
43.453568,10.303907,38.301613,-2.042918
40.232246,10.57375,34.94537,-2.0419002
40.16059,10.620518,34.850334,-2.0343275
48.78942,11.286349,43.146248,-2.0331979
45.88936,13.26957,39.254574,-2.0258956
53.412285,13.544728,46.63992,-2.025985
48.708683,14.6234865,41.39694,-2.022912
47.702953,14.297986,40.55396,-2.0254412
48.466324,14.688187,41.12223,-2.0249565
47.02489,14.376074,39.836853,-2.0260775
50.390385,14.55481,43.11298,-2.0264835
50.93245,15.348556,43.25817,-2.0265048
58.491024,15.424677,50.778687,-2.026933
50.07647,14.905872,42.62353,-2.0338423
49.600338,15.721819,41.73943,-2.0304751
65.953766,18.15727,56.87513,-2.0217855
53.65961,15.0896015,46.11481,-2.004634
53.684235,15.171593,46.09844,-2.003682
53.84211,16.75851,45.462852,-1.9926678
51.55342,16.878166,43.114338,-1.992254
58.83249,17.804543,49.930218,-1.9878896
60.817757,19.04614,51.294685,-1.9860206
69.83544,19.469248,60.10082,-1.9858173
61.1036,20.438927,50.884136,-1.9839675
74.430046,20.372614,64.24374,-1.984838
75.62454,19.363903,65.94259,-1.9867197
64.60545,20.803228,54.20384,-1.9862809
65.1755,21.416698,54.467148,-1.988888
63.015358,20.459156,52.785778,-1.9912745
63.4354,21.180075,52.84536,-1.9905283
72.38575,21.350075,61.710712,-1.9917012
74.88325,24.736477,62.515007,-1.983927
273.4714,109.426094,218.75836,-2.1917312
182.97455,42.48564,161.73174,-2.5815792
124.58122,23.60701,112.77772,-2.5585961
185.67613,38.10025,166.626,-2.5831788
149.70724,24.31047,137.552,-2.555239
147.79366,29.388622,133.09935,-2.571022
292.43442,96.888565,243.99013,-2.1860433
284.34442,92.317955,238.18546,-2.1810274
205.6131,38.5119,186.35715,-2.5821798
277.19498,111.950035,221.21997,-2.194625
156.0297,31.261642,140.39886,-2.5668592
150.4097,29.986908,135.41624,-2.573777
162.90887,25.188492,150.31464,-2.5701826
169.31012,28.1116,155.25432,-2.559089
147.87961,31.714409,132.0224,-2.5843031
132.72739,24.130114,120.66232,-2.5744958
68.53099,23.77462,56.64368,-1.9470266
68.63632,22.840923,57.215862,-1.9445027
73.01784,24.534317,60.750683,-1.933532
68.99403,24.769192,56.60944,-1.9334939
76.361275,27.398714,62.661915,-1.9216497
81.46619,27.87767,67.52735,-1.9205992
77.59747,27.655396,63.76977,-1.919294
85.11545,29.56668,70.33211,-1.9194458
-1020.64343,1385.0479,-1713.1674,-3.620324
82.624916,29.848648,67.70059,-1.9192921
79.671844,30.439003,64.45235,-1.921062
86.23279,31.180723,70.642426,-1.9241009
101.47214,31.238743,85.85277,-1.9223537
84.35223,30.91293,68.89576,-1.9232066
83.41455,31.612007,67.60854,-1.9188628
92.71663,33.750355,75.84145,-1.9053617
89.90273,31.890293,73.95759,-1.8548747
91.202225,33.85193,74.27626,-1.8539504
110.823845,33.2992,94.17425,-1.8436693
131.35423,34.478672,114.11489,-1.8429167
96.51074,38.06906,77.47621,-1.8296778
103.67415,39.131104,84.1086,-1.8285491
99.19925,39.07582,79.66134,-1.827352
-762.58984,1275.4192,-1400.2994,-3.5929604
105.833824,39.66275,86.00245,-1.8262315
101.234634,40.185753,81.14176,-1.8267169
-842.145,1386.208,-1535.249,-3.5886006
-756.3335,1217.5562,-1365.1116,-3.5911078
4.207814,5.32659,1.5445193,-0.7247783
103.27383,42.0827,82.232475,-1.8275754
-739.901,1282.7595,-1381.2808,-3.5853155
139.7431,22.274643,128.60579,-2.6025074
116.67501,13.055792,110.14712,-2.576159
143.80113,28.36253,129.61987,-2.6017182
149.96086,24.958162,137.48178,-2.597847
276.57092,58.83374,247.15404,-2.1168811
96.83975,13.733395,89.97305,-2.585912
97.419304,13.867239,90.48569,-2.5769515
125.35098,21.143528,114.77922,-2.6192477
150.46683,27.708467,136.6126,-2.626855
126.520874,19.768557,116.6366,-2.6060421
125.70816,15.310944,118.05269,-2.6005979
157.08337,25.961405,144.10268,-2.6229532
220.80707,50.935265,195.33943,-2.085188
123.70122,19.406229,113.9981,-2.609651
137.27565,48.7432,112.90405,-1.7968731
165.12569,26.830343,151.71051,-2.6158726
137.9373,17.37547,129.24957,-2.613532
114.14356,47.11119,90.58797,-1.7195841
6.4925003,5.831811,3.576595,-0.6990066
127.735,48.80665,103.33168,-1.7005326
118.29918,48.85888,93.869736,-1.6950392
7.224847,6.743933,3.8528802,-0.6922759
129.3786,56.62524,101.06599,-1.6729635
156.39185,59.355713,126.71399,-1.6727366
-454.5016,1133.5957,-1021.29944,-3.5573
144.81482,59.147003,115.24132,-1.6708454
134.16862,60.287907,104.024666,-1.6732135
137.68936,58.287434,108.54565,-1.6679237
5.223249,7.1097326,1.6683828,-0.6918333
136.92786,61.833435,106.01113,-1.6761338
135.261,59.94291,105.28955,-1.6718512
5.2092886,7.1260796,1.6462489,-0.6881465
148.75465,68.42932,114.53999,-1.651058
155.71594,67.91777,121.75706,-1.5680492
150.72618,65.39484,118.02876,-1.5593748
185.22072,67.3749,151.53326,-1.5404626
157.51575,69.51284,122.75932,-1.5401354
175.03183,74.047,138.00833,-1.516283
200.09529,78.27656,160.95702,-1.5238463
165.4678,77.56512,126.68525,-1.5148406
-111.269104,1069.8784,-646.2083,-3.5212955
169.69588,77.842926,130.77441,-1.5123446
179.61366,80.754326,139.2365,-1.51828
165.9214,80.959656,125.441574,-1.5188842
173.93309,81.83768,133.01425,-1.5232472
5.235565,992.1542,-490.84152,-3.519576
175.05444,83.12038,133.49426,-1.5285662
106.37417,22.259754,95.24429,-2.2122493
98.88842,8.19165,94.792595,-2.6706927
65.830475,4.944215,63.358368,-2.638175
128.40356,21.022621,117.89226,-2.0346646
49.539726,3.882704,47.598373,-2.6466398
90.36866,13.229492,83.753914,-2.6831532
114.02351,24.929539,101.55875,-2.2176528
68.535736,4.928632,66.07142,-2.6373732
206.49687,83.783455,164.60515,-1.5125403
99.26799,13.663087,92.43645,-2.6657212
76.758,6.432707,73.54165,-2.6597683
82.14443,6.4513965,78.91873,-2.6479964
61.809345,4.935014,59.34184,-2.6749125
119.53243,27.076612,105.994125,-2.2251418
96.08366,12.384721,89.8913,-2.6815538
131.17526,22.552227,119.89915,-2.2241247
68.2887,5.869868,65.35376,-2.6767542
193.88391,96.1758,145.796,-1.4881865
179.50687,992.1608,-316.57355,-3.496303
170.88123,998.5365,-328.38702,-3.4965994
205.43115,100.58383,155.13924,-1.3433064
219.79486,100.54802,169.52086,-1.3372874
11.241507,11.629163,5.4269247,-0.6435639
218.0361,109.29403,163.38908,-1.3165991
360.80588,984.5613,-131.47476,-3.4910178
415.29816,954.0515,-61.72759,-3.4908142
222.48782,112.46271,166.25647,-1.3063138
366.67914,1030.8901,-148.76595,-3.4881845
230.87074,114.902824,173.41933,-1.3078747
8.125339,12.292405,1.9791361,-0.64584666
401.92743,1055.3835,-125.764336,-3.4844494
494.99036,955.6494,17.165651,-3.4880052
246.53928,117.39553,187.8415,-1.2862724
9.172056,14.165834,2.0891392,-0.63994473
9.508604,14.787787,2.1147108,-0.63502127
286.9982,141.68561,216.1554,-1.1386971
9.66326,15.082371,2.122075,-0.63328916
9.68272,15.120372,2.1225348,-0.6330238
88.76585,9.956158,83.787766,-2.5054314
72.17324,5.8997335,69.22337,-2.4788826
120.97524,27.487995,107.23125,-2.0983262
75.13193,6.8393383,71.71226,-2.483841
89.912224,12.827739,83.49835,-2.531143
66.55643,4.057775,64.52754,-2.504647
950.91925,995.5944,453.12204,-3.4623299
53.30944,4.148387,51.23525,-2.5132487
1000.3511,1025.792,487.45505,-3.461254
93.20644,11.455684,87.4786,-2.5132728
309.80615,159.0885,230.26192,-1.0796411
81.74303,9.7294655,76.878296,-2.5349674
308.97083,164.46465,226.73851,-1.0726545
986.24457,1037.1414,467.6739,-3.4603477
59.677456,4.4418435,57.456535,-2.4924319
113.64738,24.646387,101.32418,-2.0984216
1022.2912,1029.1798,507.7013,-3.4600692
86.05385,7.225446,82.441124,-2.471552
110.061134,23.294819,98.41373,-2.0974293
309.36792,164.7247,227.00555,-1.0674913
113.74165,24.691807,101.39575,-2.1020155
84.88804,11.647507,79.064285,-2.5419734
996.56714,1054.3898,469.37225,-3.459302
56.67731,4.3449545,54.504833,-2.494347
323.12448,162.40088,241.92404,-1.0615476
1064.9858,1030.6665,549.6525,-3.4588923
315.651,167.44688,231.92755,-1.0444517
341.45837,185.67056,248.6231,-1.0050924
383.97775,189.69104,289.13223,-0.9016645
11.610624,19.06032,2.080464,-0.60127383
1386.3489,1072.8341,849.93176,-3.4421763
380.81525,196.59459,282.51794,-0.87979
1447.8562,1144.4414,875.63544,-3.4391284
18.70716,20.90535,8.254486,-0.5936132
389.20996,208.70486,284.8575,-0.8575264
1515.1088,1170.8175,929.7,-3.4379897
397.3752,214.91911,289.91565,-0.8492116
12.899282,21.581299,2.1086326,-0.5899069
12.8601465,21.526173,2.0970604,-0.5889477
1633.7864,1147.0215,1060.2756,-3.4382596
1625.9064,1175.8616,1037.9756,-3.4366531
1615.1578,1185.4667,1022.4245,-3.4363441
417.48584,219.12688,307.9224,-0.82727224
1859.6704,1277.3182,1221.0112,-3.4287627
66.78657,6.9318767,63.320633,-2.519425
34.94586,2.0635707,33.914078,-2.4455385
69.00363,6.5223365,65.74246,-2.5124707
40.59488,2.1451044,39.522327,-2.4982708
54.5234,4.7938004,52.1265,-2.4931402
2009.0945,1258.6018,1379.7936,-3.425596
80.53056,6.550028,77.25555,-2.5437357
1995.7424,1267.5483,1361.9683,-3.4251566
65.3962,8.194687,61.29886,-2.5308352
35.079987,1.877068,34.141453,-2.5061436
61.356968,8.404448,57.154743,-2.5393524
71.86843,10.70868,66.51409,-2.0933337
49.95359,5.1091075,47.399036,-2.5436532
501.60944,253.16661,375.02612,-0.7086514
31.102821,1.8525372,30.176552,-2.527272
1993.543,1311.4209,1337.8325,-3.4238477
39.08152,2.3856423,37.8887,-2.499502
26.698362,1.1523615,26.12218,-2.476632
42.397015,2.384825,41.2046,-2.538559
40.654865,2.616319,39.346706,-2.5135133
2036.7908,1402.4067,1335.5874,-3.4206555
2167.8555,1354.9476,1490.3816,-3.4222422
2184.2917,1334.2217,1517.1809,-3.422968
2211.2998,1369.794,1526.4027,-3.4216702
2367.4153,1365.8411,1684.4948,-3.4222713
2228.0327,1379.8345,1538.1155,-3.4213774
24.603483,28.10447,10.551249,-0.55678844
550.92444,282.40063,409.72415,-0.6763486
2283.2808,1390.5935,1587.9841,-3.420412
2373.1245,1432.8198,1656.7146,-3.4191484
2185.6055,1442.1353,1464.5378,-3.4177268
2521.4114,1483.6906,1779.566,-3.4135718
2511.004,1486.9546,1767.5265,-3.4072576
2488.1494,1488.8977,1743.7006,-3.4070094
2487.9297,1577.6973,1699.0809,-3.40282
662.93665,324.82947,500.5219,-0.57343185
2648.6648,1594.033,1851.6483,-3.4012122
2659.9233,1581.9407,1868.9531,-3.4013238
18.489351,33.313385,1.832658,-0.50269794
2764.3252,1613.3839,1957.6332,-3.3996851
706.7684,349.11832,532.2092,-0.5477169
18.395481,33.20819,1.7913848,-0.4974562
714.954,339.6421,545.13293,-0.5489847
18.568007,33.59824,1.7688864,-0.4928786
2847.467,1643.7515,2025.5913,-3.3970003
2843.7131,1631.5126,2027.9568,-3.3973815
30.341719,33.528564,13.577436,-0.48688397
3068.768,1821.0505,2158.243,-3.3852117
38.791378,2.230981,37.675888,-2.274609
76.964455,11.87036,71.029274,-1.9872756
58.664627,4.01054,56.65936,-2.2209222
71.577034,10.449237,66.35242,-1.9721459
72.64691,5.5629873,69.86542,-2.2181547
72.93334,6.59018,69.63825,-2.291627
64.17871,6.850214,60.7536,-2.3548455
55.524395,2.5544949,54.247147,-2.2775867
72.396904,10.626363,67.083725,-1.9767145
35.91386,1.9947819,34.91647,-2.302915
53.773323,3.7012842,51.92268,-2.352649
70.046585,10.012446,65.04036,-1.9812703
35.383728,1.9441835,34.411636,-2.302134
70.342995,5.2582803,67.71385,-2.3529
59.102036,5.1777153,56.51318,-2.3393571
51.941612,4.164589,49.859318,-2.3454864
817.4918,378.81165,628.086,-0.4630964
3068.2725,1796.8116,2169.8667,-3.3722844
3112.1255,1783.566,2220.3425,-3.3697362
3116.6206,1814.418,2209.4116,-3.3673697
3299.903,1838.0824,2380.8618,-3.3630223
20.187487,37.788136,1.2934185,-0.40250492
3269.8115,1891.3975,2324.1128,-3.3583653
3369.6963,1921.4229,2408.9849,-3.355999
20.558498,38.599373,1.2588123,-0.3936893
3377.485,1919.4725,2417.7488,-3.3553371
20.424831,38.362755,1.243454,-0.39155817
3500.7407,1931.1707,2535.1553,-3.3521152
3487.2422,1938.815,2517.8347,-3.351215
3443.151,1935.5249,2475.3884,-3.350684
20.341341,38.31482,1.1839306,-0.38042292
21.855192,41.391613,1.1593863,-0.36692423
3854.3555,2151.0757,2778.8176,-3.306076
3808.4714,2130.4702,2743.2363,-3.3060532
3675.9993,2158.9448,2596.5269,-3.2975945
3911.8667,2172.4841,2825.6245,-3.2923393
3791.8945,2195.6772,2694.056,-3.2859058
3911.5928,2260.8152,2781.185,-3.276925
23.268084,44.7067,0.91473365,-0.30828896
4019.075,2311.8218,2863.164,-3.2700238
3978.3535,2307.0593,2824.8237,-3.2677445
3956.829,2315.6538,2799.0022,-3.2673993
3954.3035,2309.4014,2799.6028,-3.2667966
4020.9526,2333.2705,2854.3174,-3.2580948
23.249737,44.758053,0.87071127,-0.29837516
4050.1106,2303.122,2898.5496,-3.255548
3916.9946,2311.8599,2761.0647,-3.241791
4296.0376,2442.4954,3074.79,-3.208954
44.00203,2.084671,42.959694,-2.0818148
38.85198,2.1342545,37.78485,-2.1120195
64.41212,5.489848,61.667194,-1.8095928
32.77901,1.0784535,32.239784,-2.123508
39.795883,1.2255694,39.183098,-2.1435294
53.61137,5.8192587,50.70174,-1.8965306
37.049217,1.8940206,36.102207,-2.1637354
36.791096,1.8001482,35.89102,-2.0890334
49.323734,4.9279313,46.859768,-2.2102463
34.46652,1.522412,33.70531,-2.0844705
48.998833,4.3197513,46.83896,-2.198067
30.862646,2.348967,29.688162,-2.2517164
38.701252,1.7369617,37.83277,-2.0968957
36.90462,3.266052,35.271595,-2.2397168
22.522087,0.6710698,22.186552,-2.1316597
16.359816,0.48540127,16.117115,-2.1922781
4300.704,2454.1067,3073.6506,-3.15525
1251.1844,516.4014,992.98376,-0.24395864
4393.093,2453.4873,3166.3489,-3.1396174
4262.8574,2526.2886,2999.713,-3.1264923
4397.71,2514.481,3140.4695,-3.1173615
4598.831,2546.666,3325.4978,-3.1013944
4493.74,2613.958,3186.7612,-3.0844615
4553.78,2578.6702,3264.4448,-3.0820081
4360.8486,2612.1646,3054.7664,-3.0804431
4533.965,2644.6748,3211.6274,-3.0782645
4557.4185,2614.8184,3250.0093,-3.0720057
4662.5405,2603.2083,3360.9363,-3.0620642
4526.6064,2591.9526,3230.6301,-3.0609503
4448.5234,2601.3347,3147.856,-3.054147
4650.411,2598.4128,3351.2048,-3.033703
4645.8027,2762.9119,3264.347,-2.9692237
4701.199,2765.5752,3318.4114,-2.8839564
1499.1497,564.3981,1216.9506,-0.14779797
4784.646,2737.744,3415.7742,-2.8575134
24.405024,48.225693,0.29217687,-0.13280207
4766.9297,2844.0557,3344.902,-2.8231525
5121.423,2898.788,3672.0286,-2.8006628
5248.8027,2910.0034,3793.8008,-2.7675881
5003.929,2927.2285,3540.315,-2.7664554
5225.0728,2915.471,3767.3374,-2.7589135
1612.8414,607.447,1309.1179,-0.12350316
25.412983,50.303116,0.26142517,-0.11998259
5022.2915,2963.8816,3540.3508,-2.741519
5258.0967,2924.6807,3795.7563,-2.7353878
5258.839,3032.017,3742.83,-2.7300653
5141.38,2941.2803,3670.7395,-2.6885524
56.772083,5.403497,54.070335,-1.9685922
54.349606,3.1707385,52.764236,-1.8189871
73.39657,9.706891,68.54312,-1.7689486
70.841385,9.056467,66.31315,-1.7572618
48.42562,1.8308196,47.510212,-1.8782256
49.713085,4.2954764,47.565346,-1.960115
69.714294,8.786663,65.32096,-1.7527853
35.186012,2.2144556,34.078785,-1.9861465
5494.9116,3158.1128,3915.8552,-2.5874813
48.772434,4.4347944,46.55504,-2.0004954
35.59905,2.975173,34.11146,-2.0114274
35.937756,1.7057447,35.084885,-1.8621488
46.79347,3.9902384,44.798347,-1.9819553
32.171734,2.2455626,31.048952,-2.037694
44.76741,1.8725597,43.83113,-1.9111505
69.68467,3.6683285,67.8505,-1.9430174
38.88362,2.9003623,37.43344,-2.0335274
5622.575,3181.73,4031.71,-2.482996
5438.138,3266.5215,3804.8774,-2.4803512
5743.8555,3170.8745,4158.4185,-2.4501455
5740.7705,3249.5898,4115.9756,-2.417739
5863.174,3224.6772,4250.8354,-2.4123955
5673.5244,3296.709,4025.1697,-2.3805323
5804.457,3381.0044,4113.955,-2.3528354
5772.029,3363.671,4090.1934,-2.3499722
5993.587,3331.5178,4327.828,-2.3331711
6158.6807,3364.061,4476.6504,-2.3310387
5979.1357,3377.9497,4290.161,-2.3149319
5964.057,3379.7595,4274.1772,-2.3114147
27.383772,54.523342,0.12209991,-0.06360676
6005.335,3377.7546,4316.4575,-2.286001
5754.7617,3441.6353,4033.9443,-2.256425
6431.23,3649.5605,4606.4497,-2.0980515
6607.2803,3800.5215,4707.0195,-1.9631364
6822.187,3815.1433,4914.615,-1.9554889
6399.4326,3777.2896,4510.7876,-1.9282012
6909.1816,3861.9885,4978.1875,-1.8874564
6761.586,3911.3892,4805.8916,-1.8725163
6717.565,3958.1584,4738.486,-1.8471255
6828.5234,4000.146,4828.45,-1.8091552
6879.8296,3937.885,4910.887,-1.7974639
6823.046,4078.5637,4783.764,-1.8006749
6879.9766,3971.2905,4894.331,-1.7911966
11273.114,3127.1877,9709.5205,-0.10217553
6975.68,4057.661,4946.8496,-1.7847276
7020.591,4040.4678,5000.357,-1.7708565
7027.326,4049.2651,5002.694,-1.7602413
28.595865,0.8208127,28.18546,-1.7781788
20.996006,1.038017,20.476997,-1.8967723
16.45811,1.0062387,15.954991,-1.9127116
19.59629,0.38854095,19.40202,-1.7938049
7394.75,4100.861,5344.32,-1.7164574
9.295235,0.1266959,9.231887,-1.8216656
5.1496787,0.10409352,5.097632,-1.8614111
22.57488,1.607821,21.77097,-1.903118
17.598654,1.4928609,16.852222,-1.9289705
-11.216271,0.16179945,-11.297172,-1.9139669
22.341251,1.0813501,21.800577,-1.7824802
25.11103,0.6017705,24.810144,-1.7523272
34.43004,1.2500921,33.804993,-1.4898016
36.75504,2.636703,35.436687,-1.7505946
-4.146917,0.10274673,-4.1982903,-1.8956113
13.897715,0.99055696,13.402436,-1.9151129
15.448444,0.99978054,14.948554,-1.8929943
7599.373,4407.517,5395.6147,-1.5747073
8197.947,4605.782,5895.0557,-1.4724016
8267.605,4600.4717,5967.369,-1.4635972
8131.698,4687.2383,5788.079,-1.4579602
8057.0273,4806.031,5654.012,-1.4256567
8539.952,4804.295,6137.8047,-1.3936996
8267.834,4947.9307,5793.8687,-1.381067
8749.391,5023.5664,6237.6074,-1.3539846
14128.44,3871.0554,12192.913,-0.053155337
8772.71,4980.322,6282.5493,-1.3494812
8743.588,4971.091,6258.0425,-1.3385608
8829.822,4995.5947,6332.0244,-1.3344251
14176.4375,3877.4177,12237.729,-0.052074574
8813.16,4982.1885,6322.066,-1.3337026
9226.07,5083.1064,6684.517,-1.3286107
8835.34,5136.632,6267.0234,-1.2860098
9788.822,5508.5537,7034.546,-1.1536434
9786.945,5888.0293,6842.931,-1.1289822
9979.847,5933.9624,7012.8657,-1.1316047
9866.059,5937.25,6897.434,-1.1294203
10643.645,6231.7383,7527.776,-1.1073322
16999.238,4786.861,14605.808,-0.030112112
10369.131,6307.9614,7215.15,-1.0843868
39.31869,2.6480277,37.99468,-1.5968201
10533.586,6443.7964,7311.6875,-1.0561465
16.569677,0.9585278,16.090414,-1.6669848
11091.127,6361.3164,7910.469,-1.0465676
10821.221,6445.3496,7598.5454,-1.0483083
10847.949,6492.21,7601.844,-1.0470989
10859.799,6443.6284,7637.985,-1.0408984
-3.1179779,0.054200333,-3.145078,-1.594136
11.93235,0.9006912,11.482004,-1.6728697
6.2269797,0.41810277,6.017928,-1.6909665
11084.701,6482.08,7843.6606,-1.0456245
13.848462,0.37335244,13.661786,-1.5873437
38.384712,1.8822556,37.443584,-1.6503441
10914.145,6448.256,7690.0166,-1.0420263
-2.4408545,0.20164126,-2.541675,-1.6668451
32.025677,1.788756,31.1313,-1.6059967
52.975098,1.3750467,52.287575,-0.86334604
36.217537,2.2419698,35.096554,-1.6010029
10724.681,6506.3755,7471.493,-1.0315843
24.727678,2.0067039,23.724327,-1.680204
6.8535085,0.4841049,6.611456,-1.660819
6.897378,0.83303934,6.4808583,-1.6980884
3.48606,0.39905396,3.2865329,-1.6737015
26.139177,1.259799,25.509277,-1.6083119
11086.639,6567.13,7803.0737,-1.0045346
11546.717,7111.215,7991.109,-0.9251362
19323.26,5594.5503,16525.984,-0.019448102
12113.348,7529.294,8348.701,-0.91427
12180.111,7569.173,8395.525,-0.92239124
12664.435,8020.777,8654.046,-0.9053074
13107.4375,8088.92,9062.978,-0.8933519
13475.19,8114.5176,9417.932,-0.87787944
13349.9375,8295.323,9202.276,-0.8624809
13370.986,8299.857,9221.058,-0.85961187
13097.395,8267.439,8963.675,-0.8553711
13455.668,8333.667,9288.834,-0.8511779
13183.598,8278.572,9044.312,-0.84701324
21298.793,6257.6943,18169.945,-0.016334547
13139.963,8300.479,8989.724,-0.85347253
13538.147,8400.029,9338.133,-0.85485625
13800.477,8540.853,9530.051,-0.82489574
14168.867,9024.614,9656.561,-0.7688502
14620.568,9461.972,9889.582,-0.7721388
14730.773,9527.668,9966.939,-0.77213323
47.666595,1.4193211,46.956936,-1.1785362
15156.068,9635.716,10338.211,-0.783062
16.733002,0.87755966,16.294222,-1.3667716
22.616459,0.44735962,22.392778,-1.2474872
16.40102,0.51748073,16.14228,-1.4804747
5.4806433,0.068333626,5.4464765,-1.2819548
4.8312597,0.33818752,4.662166,-1.3722327
8.514708,0.50881857,8.260299,-1.3709095
14.543129,0.40917256,14.338543,-1.5039604
15314.731,10101.787,10263.838,-0.77414656
15512.706,10263.537,10380.9375,-0.7619579
16090.011,10380.047,10899.987,-0.7528622
17.717167,0.7656502,17.334341,-1.3973739
18.599365,0.6203437,18.289194,-1.4864429
25081.377,7731.937,21215.408,-0.010127177
-3.1879501,0.52799606,-3.4519482,-1.4528248
15859.334,10485.652,10616.508,-0.7340591
24836.506,7796.0073,20938.502,-0.009774557
23.889858,1.5160292,23.131844,-1.3719653
16.013422,0.47832015,15.774261,-1.4933621
16243.993,10478.611,11004.6875,-0.72813964
15971.228,10508.137,10717.159,-0.7211199
6.1107125,0.21393289,6.003746,-1.3557248
-10.084046,0.39360952,-10.280851,-1.4549885
9.430423,0.715273,9.072786,-1.3971171
16447.969,10580.086,11157.927,-0.72248876
15976.147,10621.262,10665.517,-0.7297251
16389.07,10553.819,11112.16,-0.72951573
25450.328,7991.3276,21454.664,-0.009036848
17749.973,11431.875,12034.036,-0.6586545
27680.227,8787.721,23286.367,-0.006694997
27247.918,8746.312,22874.762,-0.006964492
17673.9,12187.714,11580.044,-0.7040796
18411.922,12855.109,11984.368,-0.686609
28384.89,9341.545,23714.117,-0.0066268444
18511.512,12902.148,12060.437,-0.67924887
29128.34,9546.593,24355.043,-0.006230113
28835.137,9567.0,24051.637,-0.0061986772
18862.58,13177.686,12273.737,-0.66263074
29096.895,9693.204,24250.293,-0.0060368204
20901.697,12888.731,14457.332,-0.6547514
18948.686,13212.9375,12342.217,-0.6574339
18989.477,13308.82,12335.067,-0.66280407
19227.072,13523.247,12465.448,-0.65821147
29627.781,9910.663,24672.45,-0.0058396948
30642.836,10242.503,25521.584,-0.0050588874
30.443113,1.733139,29.576544,-1.0343193
32.713127,0.94661397,32.23982,-0.9338715
22.356842,0.30562598,22.20403,-0.9427924
20273.832,14599.305,12974.179,-0.65725267
31573.395,10581.777,26282.506,-0.004795187
19.031826,0.60474277,18.729454,-1.0055516
73.70903,3.0527623,72.18265,-0.91521156
24.876308,0.54087883,24.60587,-0.9190248
27.938276,0.591796,27.642378,-0.9027032
30.729128,1.2575581,30.10035,-1.0060169
25.69052,1.4036206,24.988708,-1.0326313
6.1530094,0.39143735,5.9572906,-1.0408641
42.92224,2.2347727,41.804855,-1.237463
20523.2,15027.785,13009.307,-0.6844296
67.144356,2.261261,66.013725,-1.0750449
33.527264,1.5250009,32.764763,-0.9829216
24.64142,0.9612117,24.160814,-1.017292
31.24033,0.78017455,30.850243,-0.9069134
40.75104,2.0122523,39.744915,-1.2262783
22628.328,15777.687,14739.484,-0.66462374
22042.545,15760.87,14162.109,-0.6587436
32502.127,11389.739,26807.258,-0.004488942
32480.023,11341.576,26809.236,-0.0045876023
21575.059,15981.98,13584.068,-0.65567255
33391.957,11560.577,27611.67,-0.004375851
32962.59,11617.708,27153.734,-0.004327583
22366.543,16160.021,14286.532,-0.64624417
22464.809,16312.523,14308.548,-0.65400326
21984.898,16354.375,13807.712,-0.65104437
34002.164,11926.701,28038.812,-0.004200774
33596.836,11891.914,27650.88,-0.004282556
23584.027,17157.78,15005.137,-0.6250007
35596.56,12804.559,29194.28,-0.0033711337
34919.56,12641.177,28598.97,-0.0035412083
23666.816,18539.684,14396.974,-0.6994418
36242.586,13476.268,29504.453,-0.003452607
36448.46,13674.02,29611.453,-0.0033017378
37120.652,13750.971,30245.166,-0.0032560213
36662.67,13761.838,29781.752,-0.00329864
24592.957,19416.113,14884.901,-0.67520726
36959.938,13951.685,29984.096,-0.0032043734
36975.3,13936.853,30006.875,-0.003238364
36973.25,13930.891,30007.807,-0.0032664158
37110.523,14050.785,30085.133,-0.0033014803
37497.496,14318.296,30338.348,-0.0031775944
37461.34,14249.386,30336.646,-0.00323751
38455.32,14465.705,31222.467,-0.0031095305
26365.748,21353.94,15688.778,-0.6672061
11.001781,0.18359613,10.909984,-0.7986408
12.66028,0.30907208,12.505744,-0.8289499
-0.32276386,0.32378736,-0.48465753,-0.8779651
27.048664,0.9428496,26.57724,-1.1851673
4.9500175,0.07116476,4.914435,-0.8101257
10.745245,0.9109971,10.289746,-0.895413
-0.60212904,0.18441285,-0.69433546,-0.85961515
3.275854,0.26293108,3.1443887,-0.8545005
40737.4,15545.92,32964.438,-0.002640859
39122.258,15197.437,31523.54,-0.0028482086
3.7224002,0.11126887,3.6667657,-0.8396307
-8.180487,0.08076928,-8.220871,-0.85076195
14.802325,0.33056012,14.637045,-1.2037736
-4.933388,0.19327638,-5.0300264,-0.86739063
5.0220757,0.07353082,4.98531,-0.78346527
7.208149,0.29769087,7.0593038,-0.8527917
8.08081,0.70633614,7.7276416,-0.88574296
-4.3558784,0.080619976,-4.3961883,-0.84292364
39804.78,15863.523,31873.021,-0.002874107
40426.98,16233.306,32310.328,-0.0026855415
40580.207,16333.237,32413.59,-0.0026269243
40313.82,16034.384,32296.629,-0.0027912883
40381.785,16073.908,32344.83,-0.0027709883
40516.54,16166.693,32433.193,-0.0027703797
40644.926,16290.901,32499.475,-0.0027152223
41446.156,16352.967,33269.67,-0.0027444344
41006.457,16620.098,32696.408,-0.0026195152
40983.08,16609.604,32678.275,-0.0027230408
41554.61,17097.809,33005.707,-0.002531013
41229.953,16723.385,32868.26,-0.002735306
41701.586,17112.232,33145.47,-0.0025608074
42804.63,17652.04,33978.61,-0.00235688
43409.79,18362.014,34228.78,-0.0022265397
43246.656,18202.846,34145.234,-0.0022887876
43572.406,18567.197,34288.81,-0.0024644434
43809.08,18675.596,34471.28,-0.002442586
43982.957,18847.271,34559.32,-0.002369747
44290.656,19075.465,34752.926,-0.002264833
44627.387,19378.021,34938.375,-0.002174473
44409.598,19106.578,34856.31,-0.00231127
44548.645,19230.906,34933.19,-0.0022862484
44898.72,19603.457,35096.99,-0.0021699206
44502.273,19218.277,34893.133,-0.0023295458
44656.113,19440.648,34935.79,-0.0022888845
44465.223,19253.625,34838.41,-0.0023829252
44839.52,19603.963,35037.54,-0.0022813312
45096.402,19735.695,35228.555,-0.002302914
-10.84805,0.06965575,-10.882878,-0.6650105
0.5756653,0.025535934,0.5628973,-1.0893682
-1.6927735,0.16711996,-1.7763335,-0.6805612
-6.6464925,0.3692079,-6.8310966,-0.71139395
-11.690116,0.1336038,-11.756918,-1.1393164
31.235224,0.40539598,31.032526,-0.6127009
-10.606974,0.114038736,-10.663993,-0.646905
46372.184,20549.756,36097.305,-0.0020768032
-11.160483,0.5275676,-11.424267,-0.73776495
-21.03329,0.29883692,-21.182709,-0.6812728
-7.8504033,0.10387816,-7.9023423,-0.681741
-8.593409,0.25674072,-8.721779,-0.716941
-14.907935,0.27821127,-15.047041,-0.7097582
-27.792881,0.53591895,-28.06084,-0.723573
-12.227178,0.43786064,-12.446108,-0.7202955
46145.207,20565.078,35862.668,-0.0021204536
-2.3325698,0.17834036,-2.42174,-0.6770125
46216.32,20753.465,35839.59,-0.0020723045
-34.327892,0.77133226,-34.71356,-0.73986137
47088.445,21623.254,36276.816,-0.0020533374
46889.914,21350.426,36214.7,-0.0021576092
48288.867,21838.99,37369.37,-0.002028831
47382.902,21779.633,36493.086,-0.0020201842
47677.33,22042.176,36656.24,-0.0019553858
47496.195,21875.5,36558.445,-0.0020356495
48366.64,21812.143,37460.57,-0.0020651363
47469.01,21867.71,36535.156,-0.0020441834
47710.69,22114.354,36653.516,-0.0020067405
47549.637,22034.44,36532.418,-0.002052544
47765.78,22388.004,36571.78,-0.0020046844
47681.414,22315.475,36523.676,-0.0020298518
48011.453,22532.826,36745.04,-0.0020176806
49040.273,23307.54,37386.504,-0.001939684
48884.89,23530.584,37119.598,-0.0019160623
48797.17,23447.703,37073.32,-0.0019387552
49088.28,23889.285,37143.64,-0.0019907185
49547.82,24336.637,37379.5,-0.0018961178
49687.508,24447.816,37463.6,-0.0018860776
49463.297,24211.658,37357.47,-0.0019288249
49642.047,24387.799,37448.15,-0.0019008089
49681.96,24524.117,37419.902,-0.0018827622
49513.633,24373.996,37326.633,-0.0019250326
49601.96,24457.309,37373.31,-0.0019018592
50318.66,24130.525,38253.4,-0.0019757366
49115.09,24132.201,37048.99,-0.0020086956
49315.234,24555.502,37037.484,-0.001977203
49196.035,24443.406,36974.332,-0.0020344637
49578.188,24848.371,37154.0,-0.001986303
14.39294,0.702485,14.0416975,-0.49076587
33.111645,0.46342292,32.879932,-0.42829663
27.422874,0.6837729,27.080988,-0.88771904
11.172828,0.523116,10.91127,-0.49580875
12.765957,0.4038068,12.564054,-0.475666
22.415928,0.50413746,22.163858,-0.47054076
48.030815,1.1053671,47.47813,-0.24635012
19.958658,0.38918698,19.764065,-0.9226947
23.138071,0.49696898,22.889587,-0.9109514
25.66719,0.6006006,25.36689,-0.90358806
-0.9257804,0.039855767,-0.9457083,-0.4688694
2.0969481,0.24980743,1.9720443,-0.4990517
12.867514,0.34455165,12.695238,-0.48570687
11.907501,0.38615206,11.714425,-0.5016295
50006.664,25310.375,37351.477,-0.001828546
19.810843,0.18623166,19.717726,-0.45510525
12.802741,0.31055534,12.647464,-0.49701738
49665.57,25408.082,36961.527,-0.001865524
49398.883,25091.299,36853.234,-0.0019407527
49793.918,25777.828,36905.004,-0.0019829448
50174.434,26177.588,37085.64,-0.001920792
50220.367,26153.852,37143.44,-0.0019265086
51474.812,26327.844,38310.89,-0.0018868158
50569.664,26583.594,37277.867,-0.001848485
50061.48,26094.803,37014.08,-0.0019581222
50155.906,26241.273,37035.27,-0.00193389
50423.438,26546.621,37150.13,-0.0018986327
50359.766,26497.191,37111.168,-0.0018989666
51356.523,26469.887,38121.582,-0.001919701
50219.332,26693.123,36872.77,-0.0019547828
50100.773,26589.188,36806.18,-0.0019944194
50017.285,26650.303,36692.133,-0.0019887376
49344.773,26468.555,36110.496,-0.0018514422
48784.402,26180.578,35694.113,-0.0018838043
48798.58,26226.09,35685.535,-0.0018832362
49998.758,26440.191,36778.66,-0.0019591711
49335.62,27001.373,35834.934,-0.0018930065
49106.676,26649.533,35781.91,-0.0019241066
49430.523,26913.09,35973.977,-0.0018738714
49161.797,26692.238,35815.676,-0.0019029953
49368.47,27040.545,35848.195,-0.0018742059
49498.6,27187.762,35904.72,-0.0018640839
49210.85,26877.059,35772.324,-0.001913905
49554.035,27352.28,35877.895,-0.0018767428
49222.125,27084.46,35679.895,-0.0019513416
49186.242,27336.16,35518.16,-0.0020091212
49030.562,27224.346,35418.39,-0.0020535889
49354.32,27586.33,35561.156,-0.0020122437
28.997192,0.5391259,28.727629,-0.36420244
15.207465,0.2509294,15.082001,-0.84575
5.9406238,0.27421176,5.803518,-0.36523968
34.043182,0.8865472,33.599907,-0.79482925
17.500639,0.4462054,17.277536,-0.36271286
29.004936,0.43002552,28.789923,-0.34142804
10.649335,0.25684208,10.520914,-0.35453245
25.516655,0.5397711,25.246769,-0.8057406
49.045963,0.6522741,48.719826,-0.35117096
5.2550526,0.26446223,5.1228213,-0.36367488
47.45432,1.5676521,46.670494,-0.77175283
83.41319,2.1511085,82.33764,-0.32858753
-12.750535,0.15629558,-12.828683,-0.38097048
68.35661,1.2387605,67.737236,-0.34953153
31.672955,0.4537785,31.446066,-0.33463407
36.035473,0.6430454,35.71395,-0.3573153
48205.72,26848.629,34781.406,-0.002029384
48199.18,26877.795,34760.28,-0.0020136312
48326.586,27083.271,34784.95,-0.0020137911
48447.742,27250.021,34822.73,-0.002060614
48529.934,27322.47,34868.7,-0.0020539057
48584.88,27343.977,34912.89,-0.0020451215
49315.098,28024.842,35302.676,-0.0019496782
1785.1567,2591.9417,489.18588,-0.56921965
49018.87,27828.334,35104.703,-0.0020023803
48839.207,27610.898,35033.758,-0.0020153888
48948.22,27723.926,35086.258,-0.00200238
48776.242,27484.936,35033.773,-0.0020116745
48930.445,27696.705,35082.094,-0.002006295
48522.043,27789.994,34627.047,-0.002238532
48699.75,28093.137,34653.18,-0.00226442
49135.562,28438.992,34916.066,-0.0021450939
48059.67,27708.113,34205.617,-0.0021216874
47763.22,27274.48,34125.98,-0.0021035103
47416.21,26984.402,33924.008,-0.0021355497
48394.426,28048.85,34370.0,-0.0021245047
49435.074,27509.133,35680.508,-0.002096997
49862.484,27896.625,35914.17,-0.002064758
48471.785,27879.635,34531.97,-0.0020354942
48749.984,28351.105,34574.434,-0.0020761306
48565.86,28092.816,34519.45,-0.0020725552
48349.59,27832.018,34433.582,-0.0020863153
48670.848,28441.357,34450.168,-0.0021489467
48615.65,28352.578,34439.36,-0.0021480485
48195.473,27743.47,34323.74,-0.002132596
48680.08,28815.662,34272.246,-0.0023458698
48397.33,28597.314,34098.67,-0.0024311712
48861.65,28966.096,34378.6,-0.0023270743
24.06719,0.48332137,23.82553,-0.8294227
6.2461376,0.23638357,6.127946,-0.39218378
29.30769,0.70552504,28.954927,-0.8227667
23.103804,0.45791528,22.874846,-0.8437008
45.143204,0.51411545,44.886147,-0.3553589
22.559404,0.45509475,22.331858,-0.84611714
-4.3011055,0.039877508,-4.3210444,-0.9221648
17.868599,0.30242807,17.717384,-0.8495425
30.00747,0.34326482,29.835836,-0.360789
28.038301,0.68230695,27.697147,-0.8440423
84.93571,1.8264366,84.02249,-0.36619836
8.703232,0.09974299,8.65336,-0.8845244
25.073837,0.56274647,24.792463,-0.84830093
20.799843,0.40209725,20.598795,-0.8508551
2.8737946,0.03938932,2.8541,-0.90716934
19.710787,0.35733056,19.532122,-0.85797226
47501.848,27606.428,33698.633,-0.002204894
47493.234,27522.648,33731.91,-0.002171781
47045.164,27189.537,33450.395,-0.002205314
1814.008,2590.472,518.77203,-0.5582302
48503.28,28626.428,34190.066,-0.002168335
48700.24,28735.53,34332.473,-0.002123947
48562.26,28532.58,34295.973,-0.0020964455
1845.9033,2636.6687,527.5689,-0.5548643
48888.707,28831.938,34472.74,-0.0020875388
48822.69,28734.38,34455.5,-0.002078472
48953.16,28949.688,34478.316,-0.0021110503
48876.53,28952.498,34400.28,-0.0021498231
48889.992,29055.2,34362.39,-0.0021961874
1880.4441,2683.2104,538.8388,-0.5540875
48754.176,29185.83,34161.26,-0.002391273
36376.848,41583.695,15584.999,-2.3757057
1847.5375,2620.8984,537.08826,-0.5565343
1841.0415,2609.2163,536.43335,-0.5560407
47745.43,27876.498,33807.18,-0.0021093818
1818.5846,2575.585,530.7921,-0.5584445
1834.8896,2601.1023,534.3385,-0.5554018
1833.0452,2596.2346,534.92786,-0.5544773
1833.5583,2597.5588,534.7789,-0.5547848
1865.5618,2649.3928,540.86536,-0.55277497
1856.1221,2632.9045,539.66986,-0.553102
48451.965,28463.523,34220.203,-0.0020379655
1872.9451,2659.1868,543.35175,-0.5513458
1873.6387,2659.4666,543.90533,-0.55115306
49648.492,28185.648,35555.668,-0.0020403222
48753.543,29202.229,34152.43,-0.002321626
48615.1,28911.137,34159.53,-0.0022540693
12.172589,0.17095238,12.087113,-0.85153615
13.693181,0.20602937,13.590166,-0.85005313
3.3810434,0.04616263,3.3579621,-0.85837865
1892.6896,2678.8381,553.2705,-0.5499253
0.29990834,0.015411289,0.29220268,-0.89333606
9.502208,0.2242508,9.390082,-0.3942533
-1.5519924,0.009889396,-1.5569371,-0.9101102
9.945968,0.12524305,9.883347,-0.8625974
26.130768,0.39487132,25.933332,-0.366453
9.884929,0.23705,9.766404,-0.3906765
4.0780005,0.052359052,4.051821,-0.87187994
10.430041,0.13756445,10.361259,-0.86965215
-18.733402,0.16872476,-18.817764,-0.39005423
4.9624577,0.051067825,4.936924,-0.87787694
1.8832418,0.026180357,1.8701516,-0.8874787
-1.2029281,0.010032453,-1.2079443,-0.9164306
4.3156037,0.041291647,4.294958,-0.8801116
1867.5088,2633.854,550.5818,-0.55296445
1867.5219,2635.71,549.6669,-0.55337965
1847.5868,2601.1042,547.03467,-0.5537416
1848.49,2608.3718,544.30414,-0.5546564
1852.2007,2613.0107,545.6954,-0.5533942
48634.523,28687.092,34290.977,-0.001986999
48714.406,28777.04,34325.887,-0.0019910857
27938.906,31754.861,12061.477,-0.8515256
1884.9897,2659.9878,554.99585,-0.5508086
49148.094,29168.67,34563.758,-0.001986438
48927.258,28789.41,34532.555,-0.0019252801
1899.22,2678.166,560.1369,-0.5491495
48781.406,28852.314,34355.25,-0.0020420994
39265.207,43319.11,17605.652,-0.98738945
1920.7017,2707.8594,566.7719,-0.54892313
49203.293,29685.451,34360.566,-0.0022942051
1894.5493,2658.094,565.5024,-0.5485347
1883.4763,2639.8943,563.52924,-0.54941297
48086.23,28514.873,33828.793,-0.0021999092
48161.234,28452.344,33935.062,-0.0021191812
38803.656,42252.94,17677.184,-0.969326
48491.29,28590.545,34196.016,-0.0020129513
39422.094,43004.82,17919.682,-0.96343505
49035.25,29281.938,34394.28,-0.0021075616
39584.516,43195.312,17986.861,-0.96204877
49110.703,29295.76,34462.824,-0.0020885519
49190.055,29405.414,34487.348,-0.0020985885
49322.96,29808.812,34418.555,-0.0023020972
1935.2505,2709.4966,580.50226,-0.5457107
1941.2274,2717.1902,582.6323,-0.5448987
49023.32,29832.607,34107.016,-0.0025491857
-15.325965,0.15874125,-15.405335,-0.88196266
-14.605566,0.14423174,-14.677682,-0.88331306
-21.057472,0.3467159,-21.23083,-0.9378145
-7.7727766,0.045798033,-7.7956758,-0.8605422
1945.0312,2720.6929,584.6849,-0.5451213
-8.286875,0.052166834,-8.312958,-0.8610362
42.32811,1.0546461,41.800785,-0.9367907
-20.3096,0.31303728,-20.46612,-0.93081695
-7.100605,0.05082689,-7.1260185,-0.84712136
-5.148486,0.03205417,-5.164513,-0.8450496
-14.3519125,0.14122768,-14.422526,-0.8834379
14.481669,0.13165048,14.415844,-0.34137475
6.098743,0.1479263,6.02478,-0.3735025
7.235552,0.09766143,7.1867213,-0.35994798
-22.318983,0.38931423,-22.51364,-0.93237966
58.75993,1.1603596,58.17975,-0.32391542
-5.6318574,0.029260747,-5.6464877,-0.8411653
1929.133,2687.998,585.1341,-0.5426126
1901.9802,2642.251,580.8548,-0.5423868
48352.26,29052.03,33826.246,-0.002454869
1900.6316,2646.8728,577.1951,-0.5413883
1899.4836,2642.34,578.3136,-0.5400764
48533.67,28990.695,34038.324,-0.0022375367
1923.4911,2682.2405,582.37085,-0.54005045
39861.773,43138.598,18292.477,-0.9457772
28625.984,32069.863,12591.053,-0.8466985
1929.549,2692.2493,583.4243,-0.5408779
1936.6101,2701.618,585.80115,-0.5387604
1926.9285,2683.952,584.95245,-0.5417472
24122.973,27168.607,10538.669,-0.79632837
1936.5636,2697.6602,587.7335,-0.541867
1953.1783,2723.7554,591.30066,-0.54101086
29120.498,32820.234,12710.381,-0.8618449
40015.938,43106.586,18462.643,-0.9436251
23888.346,26682.744,10546.974,-0.8008933
1909.0006,2644.413,586.79407,-0.5392439
39172.78,41936.76,18204.402,-0.9437332
1876.532,2596.779,578.1425,-0.5395079
28283.379,31379.816,12593.471,-0.84656245
23706.176,26350.014,10531.169,-0.7881152
39592.96,42449.977,18367.975,-0.9405999
23770.475,26453.709,10543.62,-0.7896111
39703.812,42627.95,18389.836,-0.9425888
1906.0417,2649.079,581.5022,-0.5413256
39772.562,42790.78,18377.17,-0.947965
1930.3022,2684.875,587.86475,-0.54149073
1923.0677,2668.5583,588.7886,-0.5423262
1929.7058,2682.7812,588.3152,-0.543599
61.192696,2.2702827,60.057552,-0.7549907
80.08025,3.6354575,78.26253,-0.71518725
97.36193,3.3392227,95.69232,-0.2622208
65.13312,2.4715633,63.89734,-0.73687315
48654.715,29581.047,33864.19,-0.0026742057
68.03596,2.681291,66.69531,-0.74242806
55.868603,1.8768862,54.93016,-0.76750016
128.751,5.655324,125.92334,-0.2605329
56.092712,1.8864021,55.149513,-0.7605928
57.677624,1.9579397,56.698654,-0.7636521
116.13486,4.6882515,113.79073,-0.26364627
100.42159,3.6945057,98.57434,-0.26940498
76.85308,3.2790906,75.21354,-0.72795016
52.520363,1.6549065,51.69291,-0.77648413
69.74894,2.7449245,68.37648,-0.73090184
83.7721,2.7708352,82.38669,-0.2726971
123.95879,4.1774626,121.87006,-0.27175087
1908.9877,2633.699,592.1382,-0.5372021
28454.996,31466.996,12721.498,-0.85473275
1888.3862,2603.2334,586.7695,-0.5362097
1871.8711,2581.409,581.1666,-0.53774846
39219.35,41666.29,18386.207,-0.93651766
28282.453,31117.605,12723.651,-0.8429147
1896.3135,2623.2905,584.6683,-0.5367894
1902.0437,2629.1416,587.47296,-0.5350686
39685.695,42252.742,18559.324,-0.93455666
39659.22,42220.05,18549.193,-0.9351568
39741.062,42331.28,18575.42,-0.9351204
1923.5317,2662.627,592.2182,-0.5389404
24040.926,26699.293,10691.279,-0.8005744
40250.703,43076.414,18712.494,-0.93771887
47852.047,29004.217,33349.938,-0.0028655794
24236.184,26869.855,10801.256,-0.79951936
39746.082,42081.074,18705.545,-0.9287004
1900.6375,2611.963,594.656,-0.53141683
23722.738,26036.207,10704.635,-0.79647833
23421.23,25604.514,10618.975,-0.79262114
23421.152,25612.746,10614.778,-0.7927324
28185.89,30790.9,12790.439,-0.84337074
1881.3188,2588.1353,587.2512,-0.53245556
23675.047,25926.531,10711.782,-0.7896565
39286.594,41436.617,18568.287,-0.9302533
39444.867,41663.51,18613.111,-0.93123996
23720.898,26003.295,10719.252,-0.7914578
23802.027,26202.576,10700.74,-0.8001925
39726.445,42136.746,18658.072,-0.93487537
28469.29,31311.434,12813.571,-0.8540716
28601.402,31503.834,12849.484,-0.8559241
51.986073,1.8667686,51.05269,-0.81347454
39.510536,1.1473074,38.936882,-0.8643453
23963.89,26394.273,10766.754,-0.80329585
97.825226,3.8244295,95.91301,-0.30060202
230.43134,13.480847,223.69092,-0.28029662
47.674255,1.6113449,46.868584,-0.82327557
44.75256,1.4399339,44.032593,-0.833014
53.86912,1.5290556,53.104595,-0.8274886
52.059807,1.902519,51.108547,-0.81447905
113.29964,4.5472455,111.02602,-0.30423522
117.17559,4.4423013,114.95444,-0.3013029
85.64873,2.8421893,84.22763,-0.29964516
44.010735,1.4101527,43.305656,-0.82954526
67.21163,1.9618006,66.23073,-0.30864877
37.804447,1.058152,37.27537,-0.83839655
37.260605,1.0350804,36.743065,-0.8386779
32.598713,0.80675566,32.195335,-0.8576003
39263.332,41218.86,18653.902,-0.92543983
23445.973,25526.758,10682.593,-0.79852605
23480.635,25573.963,10693.653,-0.7979508
27654.938,29950.738,12679.569,-0.84646976
23237.3,25212.984,10630.809,-0.79357827
23157.66,25101.604,10606.857,-0.7930149
23412.938,25445.541,10690.166,-0.7925661
23384.154,25406.246,10681.031,-0.7927877
1850.9858,2531.3635,585.3041,-0.5309622
28001.012,30399.416,12801.303,-0.8446682
27998.953,30404.055,12796.927,-0.84504217
23483.918,25635.365,10666.235,-0.8007279
28045.062,30548.22,12770.953,-0.8512345
23723.19,25988.28,10729.05,-0.80295557
39385.875,41508.016,18631.865,-0.93191755
23864.273,26093.15,10817.698,-0.8011701
23343.594,25248.852,10719.168,-0.79835033
23142.914,24957.9,10663.964,-0.79727393
23176.145,24995.178,10678.556,-0.79670554
22814.012,24506.527,10560.747,-0.7952454
38158.684,39465.81,18425.78,-0.9218804
27341.418,29310.85,12685.992,-0.8405193
1841.438,2506.679,588.09845,-0.5243976
1839.1876,2504.145,587.1151,-0.5252714
23222.375,25033.045,10705.852,-0.79213744
38538.492,39989.836,18543.576,-0.9230594
1836.125,2497.087,587.5816,-0.52503663
38753.254,40251.98,18627.264,-0.92259204
23360.43,25301.545,10709.656,-0.7989749
1870.3519,2550.8525,594.92566,-0.52780807
39031.234,40697.156,18682.654,-0.9227152
23523.404,25434.295,10806.257,-0.7969182
31.006577,0.84251714,30.585318,-0.85595304
97.450745,3.3868437,95.757324,-0.29344386
65.54055,1.7437316,64.668686,-0.30854526
24.705364,0.55129176,24.429718,-0.87583315
73.97095,2.404879,72.76851,-0.30736428
125.19431,5.1287556,122.62994,-0.29531264
19.214386,0.3541225,19.037325,-0.887373
17.002842,0.28970873,16.857988,-0.91049623
0.06815503,0.014497113,0.060906474,-0.9749036
19.227943,0.36679024,19.044548,-0.86631763
77.65173,2.296396,76.50353,-0.30977982
38741.684,39878.004,18802.682,-0.908281
64.29918,1.8261789,63.38609,-0.31999207
20.084251,0.39340487,19.887548,-0.86325204
97.29893,3.2353132,95.681274,-0.29822022
23163.262,24776.107,10775.209,-0.7917399
27.352224,0.4936939,27.105377,-0.8582872
78.914536,2.1324592,77.848305,-0.30395877
1831.3955,2476.0366,593.3772,-0.52096045
22934.992,24412.598,10728.694,-0.7861412
23012.988,24507.176,10759.401,-0.7853433
22940.969,24409.986,10735.976,-0.78463364
23052.41,24571.83,10766.494,-0.78500205
23070.309,24587.021,10776.798,-0.78460306
38502.65,39533.566,18735.865,-0.9103869
27634.527,29442.791,12913.131,-0.8307725
1834.0349,2489.3252,589.3723,-0.5218467
23272.395,24876.771,10834.008,-0.7864602
23258.36,24943.578,10786.571,-0.7928064
23371.406,25110.775,10816.02,-0.7935811
23312.809,25038.7,10793.458,-0.79406446
28074.281,30054.805,13046.879,-0.8361046
27620.922,29246.36,12997.742,-0.82947224
38515.477,39254.195,18888.38,-0.9002154
23001.727,24345.719,10828.868,-0.7864155
27200.133,28606.363,12896.951,-0.8248365
37961.805,38470.824,18726.393,-0.90046704
1813.7166,2450.8757,588.2787,-0.51654613
23057.18,24364.773,10874.792,-0.77928185
23072.547,24395.092,10875.001,-0.77985525
27562.887,29051.697,13037.039,-0.82096344
22998.918,24296.508,10850.665,-0.780069
23071.87,24389.693,10877.022,-0.7795244
23257.201,24666.656,10923.873,-0.782255
23117.574,24560.908,10837.119,-0.7881497
23084.535,24520.826,10824.122,-0.788548
23337.371,24849.56,10912.591,-0.787636
27935.465,29633.967,13118.482,-0.8291874
27.411688,0.62770236,27.097837,-0.9445418
97.78503,3.726426,95.921814,-0.3129763
81.642006,2.1029685,80.59052,-0.33074898
20.193941,0.3575334,20.015175,-0.96345335
30.800419,0.79186696,30.404486,-0.90988934
31.70051,0.84316957,31.278925,-0.8983586
17.611914,0.26501977,17.479404,-0.9958687
25.082632,0.53733444,24.813965,-0.9253893
23061.51,24322.45,10900.285,-0.787106
22938.895,24145.312,10866.237,-0.78697795
30.054781,0.767069,29.671246,-0.9151805
23037.854,24220.746,10927.48,-0.7838992
29.789885,0.7503579,29.414705,-0.90871465
33.25141,0.932935,32.784943,-0.9027451
27.21698,0.64868593,26.892637,-0.9076937
33.619972,0.9480249,33.145958,-0.8920326
67.02539,2.154586,65.9481,-0.3200736
107.01804,3.9140918,105.061,-0.30744985
89.336,2.8787198,87.89664,-0.31210238
22650.254,23725.125,10787.691,-0.78407997
27076.328,28285.646,12933.506,-0.82300115
22803.824,23914.723,10846.462,-0.7821923
22878.64,24015.928,10870.677,-0.78197783
27266.223,28526.889,13002.779,-0.8213862
23100.184,24280.217,10960.075,-0.779974
22984.986,24133.623,10918.175,-0.7807145
38283.094,38674.883,18945.65,-0.8953702
27602.047,29004.775,13099.66,-0.8233045
22993.178,24274.988,10855.684,-0.78826016
23141.441,24461.602,10910.64,-0.78743654
23017.814,24311.785,10861.922,-0.78855824
23282.086,24599.385,10982.394,-0.7872275
22923.273,23985.387,10930.58,-0.78442526
22838.953,23854.443,10911.73,-0.7840691
22691.965,23630.871,10876.529,-0.78327537
22603.031,23478.928,10863.566,-0.78048664
37461.242,37312.816,18804.834,-0.8860489
27120.521,28115.701,13062.671,-0.8161263
27155.605,28166.316,13072.446,-0.81624395
22851.52,23795.635,10953.701,-0.7787435
37925.355,37900.234,18975.238,-0.8862736
37999.727,37994.637,19002.41,-0.8861487
22872.582,23822.826,10961.169,-0.7786615
38139.734,38238.32,19020.576,-0.8884402
22862.05,23920.324,10901.888,-0.7844923
22889.469,23966.328,10906.304,-0.7849101
22949.41,24022.059,10938.38,-0.7839612
23206.13,24308.842,11051.71,-0.7829006
122.73984,5.375709,120.05199,-0.30758125
4.135811,0.055445798,4.108088,-0.9995933
11.38298,0.16600235,11.299979,-0.968995
11.276953,0.1844093,11.184748,-0.9545554
119.50774,4.973294,117.02109,-0.31662983
22902.55,23756.74,11024.182,-0.7798621
8.786747,0.11340877,8.730042,-0.9727992
1794.5325,2385.3948,601.83514,-0.50528824
-1.5135211,0.014822738,-1.5209324,-1.0654716
22751.07,23506.568,10997.785,-0.7786677
99.76076,3.9927733,97.76437,-0.3305219
5.5259924,0.05275472,5.499615,-1.0279144
6.3323865,0.068160124,6.2983065,-0.9915368
80.506096,2.3435173,79.334335,-0.3392287
7.2623086,0.097156525,7.2137303,-0.9630503
1.9396763,0.023693204,1.9278296,-1.0124216
10.424728,0.15906815,10.345194,-0.95848566
22434.766,23069.396,10900.068,-0.77721596
37466.61,36954.61,18989.305,-0.8747047
0.4133034,0.026652765,0.39997703,-1.0072416
7.571262,0.09631332,7.523105,-0.96849
22612.295,23266.254,10979.168,-0.7741804
22780.766,23493.188,11034.172,-0.7741133
22801.016,23535.166,11033.433,-0.7747172
27144.56,27898.979,13195.071,-0.8091215
22912.77,23648.654,11088.442,-0.77301824
37954.34,37575.375,19166.652,-0.8754648
27284.188,28132.68,13217.849,-0.81143886
22879.074,23744.957,11006.595,-0.780092
38150.867,37943.65,19179.043,-0.8768124
22837.902,23700.283,10987.761,-0.7807312
27596.441,28507.492,13342.696,-0.8106675
22700.035,23309.533,11045.27,-0.7764618
22652.188,23221.844,11041.267,-0.7758082
37685.305,36904.18,19233.215,-0.8627965
22269.082,22713.143,10912.512,-0.7754622
22339.025,22770.602,10953.725,-0.77389383
22298.672,22713.441,10941.951,-0.77302
22467.096,22925.518,11004.337,-0.7722386
26935.61,27398.184,13236.517,-0.80380243
37615.09,36831.703,19199.238,-0.8663284
37704.883,36949.46,19230.15,-0.8662171
37743.305,37005.957,19240.324,-0.8665361
27068.523,27631.78,13252.634,-0.80598533
22664.742,23286.916,11021.284,-0.7767182
22690.41,23346.592,11017.114,-0.77755415
1794.3147,2381.5088,603.56024,-0.50103503
38422.914,37842.61,19501.611,-0.8621116
8.010067,0.11689187,7.951621,-0.9674307
22681.908,23138.426,11112.695,-0.77275324
6.026942,0.07839617,5.987744,-0.9702486
37753.82,36761.742,19372.95,-0.85286045
5.8500566,0.07294188,5.8135858,-0.97209376
22580.914,22978.143,11091.842,-0.7724536
11.332928,0.19808412,11.233886,-0.94943553
6.0576863,0.069215156,6.023079,-0.9824278
119.36662,4.889476,116.92188,-0.30109352
106.36763,4.4243426,104.15546,-0.3147781
4.7159147,0.065142944,4.6833434,-0.96450996
22289.445,22571.715,11003.589,-0.7720798
37211.46,36042.547,19190.188,-0.856235
100.23168,3.422197,98.520584,-0.3083641
5.614112,0.0796741,5.574275,-0.9448896
3.513091,0.03432774,3.4959273,-0.98061174
71.78687,2.3147578,70.62949,-0.31890982
0.9744938,0.020181507,0.96440303,-0.99179983
3.6570644,0.07987891,3.617125,-0.9342479
22385.738,22665.963,11052.757,-0.77019525
26578.719,26792.875,13182.28,-0.80155003
22375.719,22690.307,11030.565,-0.77185756
59.109566,1.570111,58.32451,-0.3278213
26843.566,27128.031,13279.551,-0.80097544
22466.201,22788.182,11072.11,-0.7710011
7.669358,0.09747846,7.6206183,-0.9387692
22544.98,22894.506,11097.729,-0.7708983
22581.438,23021.756,11070.56,-0.7735416
22701.547,23185.525,11108.785,-0.7732842
22809.234,23342.55,11137.959,-0.773401
22789.691,23340.809,11119.287,-0.77386016
23033.783,23541.793,11262.887,-0.77138233
22632.998,22902.068,11181.964,-0.769049
22616.975,22861.766,11186.092,-0.76851577
22780.52,23036.027,11262.506,-0.7675816
22434.615,22583.434,11142.898,-0.7681828
22577.508,22733.795,11210.61,-0.7669312
22225.969,22338.842,11056.547,-0.76945984
22482.348,22632.965,11165.866,-0.767686
22458.543,22607.541,11154.772,-0.76797503
22647.389,22859.41,11217.684,-0.7677096
22590.02,22805.162,11187.4375,-0.768578
22614.297,22814.209,11207.191,-0.7680077
37869.656,36581.453,19578.928,-0.846851
126486.89,65149.883,93911.95,-3.5820976e-05
22630.441,22903.822,11178.529,-0.7695053
22793.113,23170.223,11208.003,-0.76948416
38483.676,37261.867,19852.742,-0.8401267
22831.854,23016.502,11323.603,-0.76381797
22643.143,22768.615,11258.835,-0.7647607
22611.035,22686.816,11267.626,-0.7642686
94.23369,3.7098901,92.378746,-0.28523684
21.738997,0.50461984,21.486687,-0.921356
156.24915,7.7500625,152.37411,-0.27046305
21.104362,0.4656007,20.871563,-0.9307078
123934.3,62803.008,92532.8,-3.2974018e-05
19.316957,0.41674876,19.108583,-0.92120814
15.269251,0.25245303,15.143024,-0.9495717
22499.133,22519.107,11239.578,-0.76510364
143.14119,6.435011,139.92369,-0.2824677
136.05807,5.850314,133.13292,-0.2840404
22371.117,22318.57,11211.832,-0.7646203
22498.094,22505.508,11245.339,-0.76504123
22507.256,22504.047,11255.232,-0.7646596
63.542004,2.074356,62.504826,-0.31939334
142.98207,6.5044417,139.72984,-0.2917473
12.159634,0.17363533,12.072816,-0.95048964
125625.4,64042.473,93604.164,-3.0224412e-05
14.868243,0.26698172,14.734753,-0.9298575
22672.096,22720.389,11311.901,-0.7646289
22653.287,22709.664,11298.455,-0.7650771
14.897596,0.2518915,14.77165,-0.940848
115069.65,41725.41,94206.945,-3.5803405e-11
114911.51,41621.766,94100.625,-3.7094623e-11
12.781094,0.18926832,12.68646,-0.9554734
22512.184,22595.738,11214.315,-0.7663959
161.2393,7.335623,157.57149,-0.28415734
146.10135,6.64657,142.77806,-0.29722372
22468.023,22595.492,11170.276,-0.76529205
22805.582,22951.104,11330.031,-0.76448345
22711.16,22701.896,11360.213,-0.75876504
125450.29,63797.52,93551.53,-3.0309318e-05
22639.73,22577.523,11350.968,-0.7595271
22284.91,22099.443,11235.188,-0.761718
22370.209,22192.576,11273.921,-0.7616642
22419.488,22254.668,11292.153,-0.76193255
22366.637,22186.072,11273.6,-0.7621544
22446.969,22286.637,11303.651,-0.76191276
124498.47,62894.41,93051.266,-2.7324346e-05
22531.348,22425.291,11318.702,-0.76267636
22496.559,22381.2,11305.958,-0.7628118
22606.496,22536.6,11338.197,-0.7625216
22603.2,22546.148,11330.125,-0.76231205
22532.828,22469.555,11298.051,-0.76159316
125804.98,64051.09,93779.43,-2.8879049e-05
22890.652,22907.85,11436.727,-0.75793594
125109.91,63377.47,93421.17,-2.8843533e-05
124753.13,63081.355,93212.45,-2.8781687e-05
22547.416,22331.785,11381.523,-0.7503683
9.967466,0.11626299,9.909335,-1.0414598
111462.8,39485.023,91720.28,-1.9575673e-11
22001.465,21645.56,11178.686,-0.75621843
4.3456364,0.07559789,4.3078375,-1.0076197
12.344062,0.21161667,12.238254,-0.9987927
110940.41,39183.81,91348.5,-1.8396902e-11
110976.695,39202.89,91375.25,-1.8590421e-11
7.4075303,0.08770737,7.3636765,-1.040715
12.69955,0.20961316,12.594743,-1.0117618
84.86883,3.2536075,83.24203,-0.3356374
22024.676,21643.41,11202.971,-0.7587745
10.076996,0.15304106,10.000475,-1.0064114
111469.17,39513.754,91712.3,-1.716308e-11
122317.14,61036.027,91799.125,-2.6629894e-05
122432.625,61120.25,91872.5,-2.6579732e-05
7.0265865,0.092911616,6.9801307,-1.0114162
111409.336,39470.797,91673.94,-1.910957e-11
26345.86,25752.756,13469.48,-0.7780311
21981.79,21667.816,11147.881,-0.7568927
22156.83,21892.932,11210.364,-0.7562854
134.29138,5.2849407,131.64891,-0.3109026
7.4764,0.097578004,7.427611,-1.014149
99.10609,3.6650202,97.273575,-0.324658
8.608562,0.12451436,8.546306,-0.9992553
7.897579,0.104627244,7.8452654,-1.002077
3.493502,0.032206275,3.4773989,-1.0455464
6.995195,0.097117126,6.946636,-0.98707974
6.197302,0.07659292,6.1590056,-0.99327964
123830.695,62296.01,92682.69,-2.7835371e-05
112224.8,39949.97,92249.81,-1.2919849e-11
111466.04,39474.875,91728.6,-1.3519988e-11
111476.086,39492.293,91729.94,-1.2662238e-11
109314.57,38202.145,90213.5,-1.2380706e-11
21572.227,20908.963,11117.745,-0.7521804
108726.375,37891.555,89780.59,-1.1405379e-11
108988.63,38056.98,89960.14,-1.07701365e-11
108364.87,37671.875,89528.93,-1.1152889e-11
119050.266,58287.2,89906.664,-2.4652703e-05
118953.06,58228.914,89838.61,-2.4907078e-05
21531.84,20839.578,11112.052,-0.7547179
108680.234,37862.504,89748.984,-1.2017521e-11
109195.195,38177.38,90106.51,-1.1728728e-11
109133.484,38127.875,90069.55,-1.2469071e-11
21586.836,20961.018,11106.326,-0.7516497
109718.39,38474.844,90480.97,-1.1404216e-11
108709.75,37841.133,89789.19,-8.484113e-12
21761.14,21004.756,11258.764,-0.73647094
21545.621,20714.879,11188.183,-0.7385342
107346.39,37072.492,88810.15,-6.573246e-12
106574.64,36627.004,88261.14,-7.389318e-12
106663.47,36694.625,88316.16,-6.8840224e-12
106263.21,36445.707,88040.36,-7.0893486e-12
148.70258,7.948817,144.72816,-0.29708314
105638.9,36053.547,87612.125,-7.450943e-12
106067.25,36334.508,87900.0,-6.4577497e-12
105467.375,35960.1,87487.33,-7.414453e-12
105290.516,35854.344,87363.34,-7.525932e-12
29.275513,0.8491019,28.850962,-0.96373427
105610.0,36052.133,87583.93,-7.0692926e-12
105969.04,36273.297,87832.39,-6.4697843e-12
128.98265,5.973814,125.99574,-0.2971152
28.137342,0.79347587,27.740604,-0.9729428
105627.36,36049.883,87602.42,-7.1808163e-12
20.183655,0.39176357,19.987774,-1.055935
22.465132,0.46382457,22.23322,-1.055155
20958.428,19981.086,10967.885,-0.7451886
238.07846,15.662195,230.24736,-0.27481735
22.184244,0.5038112,21.932339,-0.9937147
106351.21,36461.55,88120.44,-7.099085e-12
22.683931,0.5377379,22.415062,-1.0007834
20.843946,0.44440845,20.621742,-1.0287647
22.176624,0.5372428,21.908003,-0.99311817
141.92645,7.4929614,138.17998,-0.30072898
24.664484,0.43002778,24.44947,-1.0054907
17.496523,0.3488217,17.322111,-1.0023599
133.86626,6.88054,130.42598,-0.31440032
176.54657,9.1791725,171.95699,-0.31240466
105693.94,36079.03,87654.42,-4.5981595e-12
105611.68,36030.95,87596.2,-4.2180734e-12
104771.73,35519.547,87011.95,-4.2418755e-12
20778.773,19527.531,11015.009,-0.7341078
103338.52,34722.516,85977.266,-4.5122135e-12
103292.53,34719.12,85932.97,-4.1092316e-12
103014.27,34553.72,85737.414,-4.2368956e-12
102667.81,34358.844,85488.39,-4.0332564e-12
102415.3,34213.92,85308.336,-4.121856e-12
102498.36,34251.438,85372.64,-4.232499e-12
102487.79,34246.39,85364.59,-4.274008e-12
102367.25,34167.15,85283.67,-4.3422024e-12
102431.77,34213.58,85324.984,-4.0920635e-12
102092.89,33986.047,85099.87,-4.8535277e-12
102782.39,34418.656,85573.06,-4.204391e-12
102647.14,34294.625,85499.83,-4.2540992e-12
102622.03,34299.9,85472.08,-2.9281395e-12
102267.35,34087.0,85223.85,-2.8952966e-12
100634.05,33128.633,84069.734,-3.3472589e-12
100048.4,32832.324,83632.234,-3.1560171e-12
99729.375,32676.316,83391.22,-2.9674715e-12
99479.78,32539.582,83209.99,-2.8466808e-12
99310.18,32433.293,83093.53,-2.891973e-12
98249.99,31819.973,82340.01,-3.1975351e-12
98806.67,32158.57,82727.39,-2.815523e-12
99066.73,32316.76,82908.34,-2.6699402e-12
98667.97,32060.883,82637.53,-3.111571e-12
98890.97,32200.771,82790.586,-2.9353206e-12
107386.4,49026.63,82873.086,-2.1884214e-05
98739.44,32102.277,82688.3,-3.2918715e-12
-7.6636457,0.058495987,-7.6928935,-1.0858196
99160.96,32357.645,82982.14,-3.053601e-12
123.14196,4.6864944,120.79871,-0.3635571
99159.03,32370.893,82973.586,-2.6422094e-12
100.50497,4.483415,98.26326,-0.36787575
76.96974,2.971459,75.48401,-0.38019836
-10.755232,0.108710356,-10.8095875,-1.1110452
144.81491,7.378705,141.12556,-0.34282786
100.00684,3.7414703,98.13611,-0.37214798
-10.433308,0.11400867,-10.490312,-1.1341887
-13.14969,0.15679584,-13.228087,-1.0894003
118.81905,5.1281104,116.255,-0.34702706
-10.603748,0.12041613,-10.663957,-1.1293592
-11.523381,0.12086184,-11.583812,-1.0906436
-11.655902,0.13633956,-11.7240715,-1.1079715
98547.375,32008.44,82543.16,-1.9928536e-12
-12.066192,0.12758014,-12.129982,-1.0771554
98577.44,32041.5,82556.69,-1.7010948e-12
-14.113384,0.18296893,-14.204868,-1.0860527
98.958046,2.622133,97.64698,-0.36342895
97243.93,31266.703,81610.58,-1.989753e-12
96484.73,30878.584,81045.44,-1.7779006e-12
95983.08,30582.648,80691.76,-1.987266e-12
95728.95,30444.336,80506.78,-1.8019351e-12
95162.086,30106.52,80108.83,-2.0765505e-12
94938.17,30014.098,79931.125,-1.7900128e-12
94856.664,29976.012,79868.66,-1.7690095e-12
94826.86,29954.352,79849.69,-1.8136355e-12
94790.66,29928.617,79826.35,-1.87449e-12
94809.055,29932.375,79842.87,-1.9507833e-12
94184.6,29571.059,79399.07,-2.0587325e-12
94301.805,29635.926,79483.84,-2.0635809e-12
94801.33,29925.965,79838.34,-1.8307747e-12
94730.84,29870.352,79795.67,-1.7283571e-12
94433.88,29728.707,79569.53,-1.1211709e-12
93957.695,29477.58,79218.91,-1.0104942e-12
92630.64,28725.43,78267.93,-1.1606379e-12
92629.836,28762.938,78248.37,-1.0099405e-12
92369.84,28632.94,78053.375,-1.017999e-12
92107.086,28485.893,77864.14,-9.650302e-13
92173.48,28516.957,77915.0,-9.702173e-13
92013.59,28434.443,77796.375,-8.683232e-13
92055.84,28496.0,77807.84,-7.6900487e-13
91638.51,28253.105,77511.95,-8.628637e-13
92028.51,28450.816,77803.1,-8.592569e-13
92059.375,28456.615,77831.07,-8.9495875e-13
91828.25,28342.432,77657.03,-8.069858e-13
91873.27,28363.014,77691.766,-8.0687356e-13
92109.75,28474.648,77872.42,-8.527747e-13
91764.63,28277.832,77625.72,-7.9130496e-13
7.3638153,0.06675003,7.3304405,-1.0349563
6.984461,0.067632474,6.9506445,-1.0241227
5.9156065,0.057203088,5.887005,-1.0084425
3.7966459,0.0424133,3.7754393,-1.0040705
6.212256,0.05814465,6.1831837,-1.0521216
9.605387,0.099255405,9.555759,-1.0437467
90784.43,27769.506,76899.68,-5.67751e-13
6.0309796,0.07052596,5.9957166,-0.9905303
90569.9,27677.719,76731.04,-4.979678e-13
5.5519104,0.06498854,5.5194163,-0.98767924
89340.2,27043.117,75818.65,-5.377458e-13
106.0304,3.9380443,104.06138,-0.34476042
6.0600367,0.073259294,6.023407,-0.9833658
6.168721,0.06309964,6.1371713,-0.9916804
8.702284,0.08757002,8.658499,-1.0232539
9.088849,0.099906415,9.038896,-0.99991584
133.48549,6.27642,130.34727,-0.3499497
89620.19,27175.002,76032.69,-5.362389e-13
89382.56,27066.035,75849.55,-5.2772034e-13
88731.12,26681.266,75390.484,-5.9449716e-13
6.627788,0.051193696,6.6021914,-1.0218666
79.09387,2.8479545,77.66989,-0.38112432
89259.35,27020.203,75749.25,-4.4577387e-13
89240.125,26985.54,75747.36,-4.575714e-13
89311.88,27035.607,75794.08,-4.2773275e-13
89181.3,26924.838,75718.875,-5.054625e-13
89563.66,27147.621,75989.84,-4.4777514e-13
89596.97,27189.184,76002.375,-4.1783707e-13
89302.87,26994.947,75805.39,-4.2032087e-13
89478.05,27117.207,75919.445,-3.727792e-13
90046.8,27389.254,76352.17,-3.5955928e-13
90535.38,27658.031,76706.37,-3.1100082e-13
90778.48,27777.754,76889.6,-2.0311941e-13
91991.39,28450.688,77766.05,-1.3676472e-13
91946.01,28417.89,77737.06,-1.2086114e-13
92377.69,28650.736,78052.32,-1.1486043e-13
92121.31,28512.48,77865.07,-1.1062474e-13
91522.43,28194.207,77425.33,-1.1219499e-13
92463.875,28706.656,78110.55,-9.3340815e-14
92855.5,28914.893,78398.055,-8.491786e-14
92736.72,28808.934,78332.25,-1.0191933e-13
72806.0,25355.793,60128.1,-0.0030198672
93737.45,29391.754,79041.58,-7.919282e-14
73319.86,25643.895,60497.91,-0.0030145077
93886.32,29444.828,79163.91,-7.571682e-14
93861.234,29433.47,79144.5,-7.574429e-14
74836.09,26311.818,61680.184,-0.0028865975
74754.83,26340.531,61584.562,-0.0027936727
97300.33,31266.977,81666.836,-2.5260677e-14
-10.047824,0.0925095,-10.094079,-1.063556
76413.77,27057.346,62885.1,-0.0026575536
-8.804406,0.099331476,-8.854072,-1.0969529
-10.313354,0.09885797,-10.3627825,-1.0709205
80.37615,2.7912788,78.980515,-0.40872282
76510.164,27116.576,62951.875,-0.0027068292
-10.719525,0.09856172,-10.768806,-1.0544915
-10.407879,0.095880024,-10.455819,-1.0608245
77250.195,27519.307,63490.54,-0.0027198028
-9.270495,0.09984502,-9.320418,-1.1009407
97544.53,31387.492,81850.79,-1.9427978e-14
77018.76,27413.764,63311.875,-0.0027117394
97616.21,31385.646,81923.39,-2.091083e-14
127.692406,5.7355084,124.82465,-0.37806228
-9.6355095,0.079311274,-9.675165,-1.0457461
77368.67,27684.951,63526.2,-0.002717098
-8.339348,0.11868384,-8.39869,-1.1013784
-12.567025,0.12960312,-12.631826,-1.028719
77947.45,27942.967,63975.97,-0.0027395885
-9.848568,0.08241273,-9.889774,-1.0394778
78222.11,27957.75,64243.24,-0.002718255
98692.26,32017.904,82683.305,-1.6713966e-14
-4.9274235,0.053630892,-4.954239,-1.0903071
115.99857,4.5535436,113.7218,-0.38294816
99100.09,32239.512,82980.336,-1.6189356e-14
78410.42,28091.568,64364.637,-0.002723693
78058.15,27932.473,64091.91,-0.0026759754
-13.422679,0.15150623,-13.498432,-1.0295224
-11.12467,0.1089202,-11.179131,-1.036114
78958.016,28406.258,64754.883,-0.0027091773
99616.234,32452.37,83390.05,-1.5262605e-14
78499.516,28096.643,64451.19,-0.0028005915
98760.67,31979.773,82770.79,-8.522645e-15
97956.516,31514.873,82199.08,-8.761433e-15
78107.164,27785.176,64214.58,-0.0028046463
98508.37,31837.809,82589.46,-8.402859e-15
78185.83,27775.896,64297.883,-0.0027834787
98537.77,31850.145,82612.7,-8.065004e-15
78645.46,28043.59,64623.668,-0.0027659305
78949.68,28264.822,64817.266,-0.002798707
79195.2,28364.062,65013.176,-0.0027999033
79187.5,28376.844,64999.082,-0.0027876175
100193.18,32777.42,83804.47,-7.372665e-15
79864.555,28713.15,65507.98,-0.0027744975
79628.65,28685.11,65286.094,-0.002772607
80850.17,29209.363,66245.49,-0.0027203679
81552.75,29617.225,66744.14,-0.0026820677
84004.09,30933.371,68537.41,-0.002555985
105898.69,35980.15,87908.61,-2.323343e-15
85768.15,32046.807,69744.74,-0.0025050163
86290.71,32293.668,70143.875,-0.00254474
85763.836,32118.191,69704.74,-0.002519458
13.103586,0.18678471,13.010194,-0.9591888
86267.6,32292.137,70121.53,-0.002504083
12.724416,0.18892281,12.629954,-0.959856
86939.93,32660.707,70609.58,-0.002534149
197.30023,13.308218,190.64612,-0.32303435
14.53408,0.21160671,14.428276,-0.97633433
15.2195015,0.22415257,15.107425,-0.9834999
109355.99,37950.703,90380.64,-1.5860394e-15
87616.51,33177.7,71027.66,-0.0026216095
171.63858,10.828748,166.22421,-0.33829954
87489.1,33020.016,70979.09,-0.0025922633
87739.81,33222.004,71128.81,-0.0026075116
88051.39,33377.207,71362.79,-0.0026085544
158.73149,5.242467,156.11026,-0.49706358
87773.22,33265.195,71140.625,-0.002606834
87939.7,33319.965,71279.72,-0.0026135454
16.86467,0.27025068,16.729544,-0.95737594
13.910753,0.18854856,13.816479,-0.9484091
12.46492,0.17101674,12.379412,-0.936623
88270.09,33515.74,71512.23,-0.0025368175
13.984631,0.2207674,13.874247,-0.9359132
13.451281,0.20006336,13.351249,-0.93595564
17.333092,0.2586044,17.203789,-0.96485555
14.929162,0.20697045,14.825677,-0.9539666
89095.164,33837.76,72176.28,-0.0025611767
13.087068,0.16579135,13.004172,-0.9282594
12.7619295,0.16396916,12.679945,-0.9263501
89010.84,33804.18,72108.75,-0.0025164345
89311.086,33894.73,72363.72,-0.0025410997
90211.75,34454.85,72984.33,-0.0025690661
111997.39,39397.195,92298.79,-7.262411e-16
90074.91,34347.445,72901.19,-0.0025577836
90498.92,34677.973,73159.94,-0.0025637664
90388.78,34620.824,73078.37,-0.0025423649
91141.15,35018.094,73632.1,-0.0026240721
112802.664,39863.48,92870.92,-7.616825e-16
91415.1,35228.707,73800.75,-0.0026154344
91496.234,35208.668,73891.9,-0.0026177727
90995.05,35001.594,73494.25,-0.002594913
90948.22,34974.438,73461.0,-0.002637188
90919.91,34968.215,73435.8,-0.0026477212
91003.875,34968.52,73519.62,-0.002685352
90847.875,34799.402,73448.17,-0.0027005293
90717.8,34714.9,73360.34,-0.0028136827
90303.81,34495.887,73055.87,-0.002909887
90604.68,34743.395,73232.984,-0.0030065754
90750.14,34814.24,73343.02,-0.0030232014
90869.81,34889.285,73425.17,-0.0030583793
90860.36,34870.57,73425.07,-0.0030442406
90737.234,34740.49,73366.99,-0.002988401
91777.414,35536.973,74008.93,-0.0030996872
91977.64,35677.59,74138.84,-0.0030996904
91818.74,35451.188,74093.15,-0.0030660648
92525.59,35855.08,74598.055,-0.0030883786
92663.47,36105.582,74610.68,-0.0031359168
21.847485,0.46414432,21.615412,-0.9742437
20.456913,0.4191649,20.24733,-0.95886916
92399.84,35809.008,74495.336,-0.0030872189
92069.21,35616.504,74260.96,-0.0030553306
19.75097,0.39877626,19.551582,-0.9645677
16.04914,0.2796466,15.909318,-0.95895666
165.1971,9.9271345,160.23354,-0.36610413
20.659418,0.39789456,20.46047,-0.98778355
93639.484,36671.68,75303.65,-0.0030273478
15.369657,0.24898373,15.245165,-0.9644527
116418.7,41937.617,95449.9,-4.4917633e-16
10.680232,0.1355471,10.612458,-0.9730489
56.774002,1.5936569,55.977173,-0.9444958
175.98044,9.035021,171.46292,-0.35940218
5.8714447,0.072844625,5.8350224,-0.96928406
151.49838,9.046471,146.97514,-0.384247
12.488102,0.15205702,12.412073,-1.0103165
6.6483903,0.076330595,6.610225,-0.9722899
95646.22,37664.742,76813.84,-0.0028580602
6.333797,0.05456314,6.306515,-0.9840896
6.942225,0.07261273,6.9059186,-1.0064756
95847.32,38012.684,76840.98,-0.0028713914
96733.664,38407.113,77530.11,-0.0029518371
96502.62,38327.168,77339.03,-0.0029230749
96768.664,38413.81,77561.76,-0.0029057607
97120.6,38561.188,77840.01,-0.0029229608
97361.25,38827.273,77947.62,-0.0029313937
98385.9,39456.03,78657.88,-0.0030113067
98634.99,39730.723,78769.63,-0.003034864
98925.01,39912.69,78968.664,-0.003012033
99191.46,40034.03,79174.445,-0.0029705768
99692.24,40343.465,79520.51,-0.003019298
99592.76,40339.266,79423.125,-0.0030069067
99789.41,40389.15,79594.83,-0.003017213
100121.3,40537.434,79852.58,-0.002850152
101295.54,41311.266,80639.91,-0.0028941957
101189.12,41222.215,80578.01,-0.0028286714
101319.75,41350.68,80644.41,-0.0029110664
102198.92,41859.85,81269.0,-0.0030185136
102034.22,41773.777,81147.33,-0.002999094
102510.73,42095.047,81463.2,-0.0030348208
102578.22,42134.65,81510.9,-0.003063733
102584.46,42059.832,81554.55,-0.003050938
103115.29,42559.895,81835.34,-0.0031314192
103412.88,42624.95,82100.41,-0.0031405042
104103.445,43101.64,82552.625,-0.0031280566
103703.92,42923.445,82242.2,-0.0030924128
103162.77,42500.574,81912.484,-0.0030998113
103940.5,43164.277,82358.36,-0.0032218352
103985.25,43077.15,82446.67,-0.003237244
103816.05,42973.984,82329.055,-0.003148343
-20.081028,0.3836798,-20.272867,-1.0331087
-0.8142489,0.06310299,-0.8458004,-0.8950784
-20.385824,0.26227725,-20.516962,-1.0571966
103596.945,42798.062,82197.914,-0.0032767921
-18.142464,0.31869248,-18.30181,-1.037697
-16.653324,0.27462253,-16.790636,-1.0392516
-19.725132,0.35507625,-19.90267,-1.0305618
103780.83,42970.49,82295.586,-0.003359224
-18.677244,0.31456417,-18.834526,-1.0271602
-19.790535,0.37122995,-19.97615,-1.0186791
160.12038,9.863828,155.18846,-0.37546006
-16.141798,0.23043412,-16.257015,-1.0087836
102728.31,42309.152,81573.734,-0.00347214
-14.4584875,0.20452839,-14.560752,-1.0148132
-16.129402,0.23037499,-16.244589,-1.0039163
-16.319057,0.24474691,-16.441431,-1.0038862
-11.609966,0.13258837,-11.67626,-1.0094312
101927.07,41799.207,81027.47,-0.0034972185
-13.913984,0.17135552,-13.999662,-0.98223364
102030.23,41794.535,81132.96,-0.0034753715
-19.130405,0.2955086,-19.27816,-0.9739286
102304.586,41949.83,81329.67,-0.0035203618
102016.305,41685.895,81173.36,-0.0034899067
102458.08,42164.387,81375.88,-0.0035794105
102419.17,42098.855,81369.74,-0.003717792
103089.805,42471.027,81854.29,-0.003685096
103187.82,42637.73,81868.95,-0.0036732242
103763.53,42996.055,82265.51,-0.0037093528
103490.36,42883.62,82048.55,-0.003730201
103191.8,42636.9,81873.34,-0.0037622317
103677.21,42932.37,82211.02,-0.0038252457
103742.05,43084.93,82199.58,-0.0037244926
104552.17,43578.66,82762.84,-0.0038412923
104608.3,43667.586,82774.5,-0.0037597092
103109.42,42525.234,81846.805,-0.0038459501
102467.51,42132.64,81401.19,-0.0039013172
103436.99,42893.277,81990.35,-0.004031024
103460.55,43033.336,81943.875,-0.004024387
102918.625,42488.69,81674.28,-0.004000752
102952.12,42514.395,81694.92,-0.004000028
102908.86,42565.785,81625.97,-0.0040982543
104168.76,43386.152,82475.68,-0.0041677933
103938.23,43277.12,82299.664,-0.0041163717
104272.07,43517.77,82513.19,-0.0041374904
104355.875,43414.477,82648.64,-0.0041279434
103710.09,43027.227,82196.48,-0.004091492
103729.305,43171.72,82143.445,-0.0041107032
103958.375,43179.26,82368.74,-0.003945575
104982.445,43827.12,83068.88,-0.004102562
105621.89,44312.727,83465.52,-0.0042152237
-32.256157,0.9065885,-32.70945,-0.9580771
-21.19047,0.45396423,-21.417452,-0.9605962
-21.68784,0.57056946,-21.973124,-0.9720026
-23.649395,0.5444401,-23.921616,-0.9543916
104738.14,43743.727,82866.27,-0.00416658
-29.236992,0.7237329,-29.598858,-0.94786274
-30.096016,0.7605735,-30.476303,-0.9490386
-23.733612,0.5285432,-23.997883,-0.9487455
104999.14,44171.855,82913.21,-0.00445475
105323.5,44321.383,83162.805,-0.00449549
-27.68239,0.65938044,-28.012081,-0.948002
105767.95,44483.54,83526.18,-0.0045198393
55.34177,1.4947766,54.594383,-0.45547915
-28.021687,0.6419183,-28.342646,-0.9327173
105501.84,44337.91,83332.89,-0.0044902293
105523.75,44324.574,83361.46,-0.0045008934
-27.479712,0.61717236,-27.788298,-0.9285748
-27.288675,0.6020873,-27.58972,-0.92949796
-24.576727,0.4920783,-24.822765,-0.9208554
73.569275,1.9234387,72.60756,-0.43672615
106303.63,44976.88,83815.195,-0.004807392
107538.45,45900.0,84588.45,-0.0047795554
107273.86,45751.06,84398.33,-0.0047392915
107466.91,45782.66,84575.58,-0.0047579557
107221.91,45655.574,84394.12,-0.004827118
-17.776876,0.2553181,-17.904535,-0.8943111
64.355316,1.7048986,63.50287,-0.43625647
107319.38,45613.035,84512.87,-0.0048527885
106737.42,45201.94,84136.45,-0.0046923906
108047.45,46081.15,85006.88,-0.0047632544
107563.37,45916.047,84605.34,-0.0047599785
109273.15,47069.066,85738.62,-0.0048792716
107947.195,46112.03,84891.18,-0.004848317
108147.81,46249.723,85022.95,-0.004922786
108655.58,46769.008,85271.07,-0.0050188736
108752.66,46911.598,85296.86,-0.005031582
108146.12,46358.953,84966.64,-0.004971807
107661.78,45759.145,84782.21,-0.0048352247
108339.94,46645.77,85017.055,-0.0053066765
108492.71,46517.99,85233.72,-0.0052173394
108981.586,46911.406,85525.88,-0.0053310343
108979.984,46914.93,85522.516,-0.005303246
109418.99,47493.09,85672.445,-0.0053736265
109011.734,46935.953,85543.76,-0.005493495
108019.8,46194.15,84922.72,-0.005356194
110162.75,47815.867,86254.82,-0.0050922553
